"","Player","Team","Position","GP","TOI","Goals","Total Assists","First Assists","Second Assists","Total Points","IPP","Shots","SH%","ixG","iCF","iFF","iSCF","iHDCF","Rush Attempts","Rebounds Created","PIM","Total Penalties","Minor","Major","Misconduct","Penalties Drawn","Giveaways","Takeaways","Hits","Hits Taken","Shots Blocked","Faceoffs Won","Faceoffs Lost","Faceoffs %"
"111","Mats Zuccarello","MIN","R","6","29.433333333333","3","4","2","2","7","87.50","9","33.33","0.67","17","12","5","1","0","2","0","0","0","0","0","1","2","0","0","0","0","0","0","-"
"57","Steven Stamkos","T.B","C","7","34.916666666667","5","1","1","0","6","100.00","13","38.46","1.55","25","17","15","3","4","0","0","0","0","0","0","0","1","0","0","3","0","6","6","50.00"
"259","Valeri Nichushkin","COL","R","7","22.366666666667","5","1","0","1","6","66.67","5","100.00","0.81","9","6","9","6","0","0","0","0","0","0","0","0","0","0","0","0","0","0","0","-"
"330","Mikko Rantanen","COL","R","7","22.283333333333","0","6","5","1","6","66.67","2","0.00","0.55","6","6","3","0","1","2","0","0","0","0","0","0","1","0","0","4","0","3","7","30.00"
"358","Artemi Panarin","NYR","L","7","34.5","1","5","2","3","6","100.00","7","14.29","0.8","12","10","3","0","0","1","2","1","1","0","0","0","2","0","1","0","0","0","0","-"
"452","Cale Makar","COL","D","7","20.483333333333","0","6","4","2","6","75.00","2","0.00","0.28","6","4","3","0","0","0","0","0","0","0","0","0","1","0","2","1","2","0","0","-"
"81","John Tavares","TOR","C","7","32.633333333333","3","2","1","1","5","100.00","12","25.00","2.62","17","14","16","12","0","4","0","0","0","0","0","0","2","0","0","2","0","17","14","54.84"
"87","Nazem Kadri","CGY","C","6","22.966666666667","2","3","1","2","5","71.43","7","28.57","1.6","14","10","12","7","0","4","0","0","0","0","0","0","1","0","0","1","0","13","8","61.90"
"163","Nikita Kucherov","T.B","R","7","35.333333333333","0","5","3","2","5","83.33","9","0.00","0.73","13","10","6","1","0","1","2","1","1","0","0","1","3","1","1","1","1","0","0","-"
"168","Mika Zibanejad","NYR","C","7","34.433333333333","3","2","2","0","5","83.33","16","18.75","2.29","25","22","13","3","0","1","0","0","0","0","0","1","1","0","0","0","0","1","5","16.67"
"205","Shayne Gostisbehere","ARI","D","6","28.233333333333","2","3","3","0","5","100.00","8","25.00","0.84","16","12","4","2","0","2","2","1","1","0","0","0","1","0","0","1","0","0","0","-"
"240","Andre Burakovsky","SEA","L","8","24.15","2","3","2","1","5","71.43","6","33.33","0.44","9","6","2","0","0","0","0","0","0","0","0","0","0","0","0","1","0","0","0","-"
"247","Artturi Lehkonen","COL","L","7","21.75","2","3","0","3","5","55.56","3","66.67","0.42","4","3","4","3","0","0","0","0","0","0","0","0","0","0","1","1","0","0","0","-"
"275","Leon Draisaitl","EDM","C","6","21.133333333333","2","3","2","1","5","71.43","4","50.00","0.74","6","6","6","1","0","0","0","0","0","0","0","0","2","2","0","1","0","9","11","45.00"
"324","Connor McDavid","EDM","C","6","20.666666666667","3","2","2","0","5","83.33","8","37.50","1.47","9","8","6","3","0","0","0","0","0","0","0","0","1","0","0","1","1","0","2","0.00"
"365","Kirill Kaprizov","MIN","L","6","31.966666666667","2","3","3","0","5","62.50","12","16.67","1.75","23","16","12","3","0","4","0","0","0","0","0","1","0","0","0","0","0","0","0","-"
"13","David Krejci","BOS","C","7","29.55","1","3","1","2","4","100.00","4","25.00","0.61","7","5","4","2","0","0","0","0","0","0","0","0","1","0","0","1","0","1","3","25.00"
"47","Patrick Kane","CHI","R","6","17.183333333333","0","4","0","4","4","100.00","3","0.00","0.2","4","3","1","1","0","1","0","0","0","0","0","0","1","0","0","0","0","0","0","-"
"165","Jonathan Huberdeau","CGY","C","6","22.666666666667","1","3","2","1","4","57.14","3","33.33","0.25","5","5","3","0","0","0","0","0","0","0","0","0","3","2","1","0","0","0","0","-"
"224","Dominik Kubalik","DET","L","6","21.216666666667","1","3","2","1","4","80.00","8","12.50","0.8","12","9","8","0","0","1","0","0","0","0","0","0","1","0","0","1","1","0","1","0.00"
"251","Nathan MacKinnon","COL","C","7","20.5","2","2","0","2","4","44.44","6","33.33","0.57","8","8","4","1","0","0","0","0","0","0","0","0","0","0","1","1","0","8","9","47.06"
"280","Nick Ritchie","ARI","L","6","27.75","3","1","0","1","4","80.00","5","60.00","0.75","6","5","5","3","0","0","2","1","1","0","0","0","1","0","0","1","0","0","1","0.00"
"288","Jared McCann","SEA","L","8","23.65","2","2","0","2","4","57.14","5","40.00","0.32","7","5","3","0","0","1","0","0","0","0","0","0","2","0","0","0","0","3","9","25.00"
"289","David Pastrnak","BOS","R","7","33.316666666667","1","3","1","2","4","100.00","11","9.09","1.17","20","15","8","1","0","1","0","0","0","0","0","0","3","1","1","0","0","0","0","-"
"319","Rasmus Andersson","CGY","D","6","22.4","0","4","2","2","4","57.14","3","0.00","0.25","8","4","3","0","0","2","0","0","0","0","0","1","0","0","1","1","1","0","0","-"
"332","Sebastian Aho","CAR","C","6","18.6","1","3","3","0","4","80.00","3","33.33","0.8","8","8","8","4","0","0","0","0","0","0","0","0","0","1","1","1","0","16","8","66.67"
"337","Dylan Strome","WSH","C","7","28.633333333333","1","3","0","3","4","80.00","4","25.00","0.89","6","6","5","4","0","2","0","0","0","0","0","0","2","0","1","1","0","9","9","50.00"
"481","Brady Tkachuk","OTT","L","6","20.35","1","3","1","2","4","100.00","3","33.33","0.87","8","7","8","5","0","0","2","1","1","0","0","0","1","0","1","0","0","8","9","47.06"
"490","Andrei Svechnikov","CAR","R","6","17.066666666667","3","1","1","0","4","80.00","7","42.86","0.74","12","9","6","1","0","0","0","0","0","0","0","0","1","0","0","0","0","0","0","-"
"502","Calen Addison","MIN","D","6","29.05","0","4","3","1","4","57.14","1","0.00","0.1","5","2","1","0","0","0","0","0","0","0","0","0","0","0","0","0","1","0","0","-"
"2","Jeff Carter","PIT","C","7","16.2","0","3","2","1","3","75.00","3","0.00","0.28","3","3","3","0","0","1","0","0","0","0","0","0","0","0","0","1","0","8","1","88.89"
"4","Brent Burns","CAR","D","6","19","0","3","0","3","3","60.00","5","0.00","0.38","8","7","0","0","0","0","0","0","0","0","0","0","0","0","0","0","0","0","0","-"
"9","Alex Ovechkin","WSH","L","7","36.766666666667","2","1","1","0","3","60.00","16","12.50","1.47","31","23","12","1","0","2","0","0","0","0","0","0","1","1","2","2","0","0","0","-"
"10","Evgeni Malkin","PIT","C","7","30.366666666667","2","1","0","1","3","75.00","8","25.00","1.13","16","10","12","3","1","0","0","0","0","0","0","0","2","1","1","2","0","18","13","58.06"
"16","Sidney Crosby","PIT","C","7","30.116666666667","0","3","2","1","3","100.00","8","0.00","0.89","12","9","7","1","0","3","0","0","0","0","0","0","2","2","0","3","0","0","3","0.00"
"41","James van Riemsdyk","PHI","L","6","18.883333333333","2","1","1","0","3","75.00","4","50.00","1.31","9","8","8","7","0","1","0","0","0","0","0","0","0","0","0","0","0","0","0","-"
"56","Drew Doughty","L.A","D","8","33.45","1","2","1","1","3","75.00","7","14.29","0.44","9","7","2","1","1","1","2","1","1","0","0","0","1","0","0","1","1","0","0","-"
"63","Jordan Eberle","SEA","R","8","22.4","0","3","3","0","3","50.00","2","0.00","0.19","5","2","2","1","0","1","0","0","0","0","0","0","0","0","1","1","0","0","0","-"
"64","John Carlson","WSH","D","7","33.15","0","3","2","1","3","60.00","5","0.00","0.41","13","8","5","0","0","0","0","0","0","0","0","0","4","1","0","0","0","0","0","-"
"66","Justin Schultz","SEA","D","8","24.3","0","3","2","1","3","100.00","4","0.00","0.19","6","4","1","0","0","0","0","0","0","0","0","0","0","0","0","2","0","0","0","-"
"75","Tyler Johnson","CHI","C","6","14.283333333333","1","2","2","0","3","75.00","4","25.00","0.51","4","4","3","1","0","0","0","0","0","0","0","0","1","0","1","0","0","0","1","0.00"
"77","Marcus Johansson","WSH","L","7","20.7","0","3","2","1","3","60.00","0","-","0","0","0","0","0","0","0","0","0","0","0","0","0","0","0","0","0","0","1","0","100.00"
"82","Victor Hedman","T.B","D","7","30.383333333333","0","3","1","2","3","75.00","6","0.00","0.5","10","7","4","0","0","0","0","0","0","0","0","0","1","0","0","1","2","0","0","-"
"94","Tyson Barrie","EDM","D","6","18.1","1","2","1","1","3","60.00","4","25.00","0.31","6","4","3","1","0","1","0","0","0","0","0","0","0","4","0","1","0","0","0","-"
"115","Tyler Toffoli","CGY","R","6","22.166666666667","2","1","1","0","3","42.86","8","25.00","1.32","11","9","7","4","0","1","0","0","0","0","0","1","0","0","0","0","0","0","0","-"
"123","Kevin Hayes","PHI","C","6","20.55","0","3","2","1","3","75.00","1","0.00","0.2","3","1","1","1","0","1","0","0","0","0","0","0","1","0","0","0","0","9","9","50.00"
"127","Jaden Schwartz","SEA","C","8","21.866666666667","3","0","0","0","3","50.00","5","60.00","0.82","8","6","8","5","0","0","0","0","0","0","0","0","1","0","0","0","0","7","2","77.78"
"132","Tyler Seguin","DAL","C","7","15.5","1","2","1","1","3","100.00","8","12.50","1.13","10","9","9","4","0","1","0","0","0","0","0","0","0","0","0","0","0","7","6","53.85"
"164","Ryan Nugent-Hopkins","EDM","C","6","20.9","0","3","0","3","3","50.00","3","0.00","0.48","3","3","3","2","0","0","0","0","0","0","0","0","0","0","1","0","0","0","0","-"
"173","J.T. Miller","VAN","C","7","30.166666666667","2","1","1","0","3","100.00","8","25.00","0.52","12","9","4","1","0","1","2","1","1","0","0","0","1","0","1","1","0","0","1","0.00"
"278","William Nylander","TOR","R","7","34.633333333333","2","1","1","0","3","50.00","8","25.00","1.76","14","13","12","6","0","1","0","0","0","0","0","0","0","0","0","2","1","0","1","0.00"
"281","Kevin Fiala","L.A","L","8","33.466666666667","1","2","0","2","3","100.00","11","9.09","1.9","19","14","11","6","1","1","4","2","2","0","0","0","2","0","0","1","0","0","0","-"
"283","Dylan Larkin","DET","C","6","24.066666666667","2","1","0","1","3","60.00","8","25.00","1.31","9","9","7","4","0","0","0","0","0","0","0","0","0","0","0","1","0","16","13","55.17"
"286","Tony DeAngelo","PHI","D","6","22.516666666667","1","2","0","2","3","100.00","3","33.33","0.13","8","4","3","0","0","1","0","0","0","0","0","0","1","0","0","0","0","0","0","-"
"326","Vince Dunn","SEA","D","8","25.35","0","3","1","2","3","42.86","1","0.00","0.15","5","3","0","0","0","0","2","1","1","0","0","0","0","0","0","2","0","0","0","-"
"339","Mathew Barzal","NYI","C","6","24.116666666667","0","3","2","1","3","100.00","4","0.00","0.31","4","4","2","0","0","2","2","1","1","0","0","0","3","0","0","0","0","2","3","40.00"
"344","Nicolas Roy","VGK","C","8","17.25","1","2","1","1","3","100.00","4","25.00","0.96","5","4","5","4","0","3","0","0","0","0","0","0","0","0","0","0","0","2","2","50.00"
"378","Auston Matthews","TOR","C","7","35.533333333333","0","3","2","1","3","60.00","6","0.00","1.4","17","14","11","3","0","2","0","0","0","0","0","0","2","0","2","2","0","0","2","0.00"
"386","Clayton Keller","ARI","R","6","28.416666666667","1","2","1","1","3","50.00","5","20.00","0.61","9","7","5","1","0","1","0","0","0","0","0","0","3","1","0","2","0","0","0","-"
"403","Jesper Bratt","N.J","L","7","18.783333333333","1","2","1","1","3","100.00","5","20.00","0.48","6","6","4","0","0","1","0","0","0","0","0","0","2","0","0","0","0","0","0","-"
"408","Filip Hronek","DET","D","6","20.45","0","3","2","1","3","75.00","3","0.00","0.18","5","4","1","0","0","0","0","0","0","0","0","0","0","0","0","0","1","0","0","-"
"432","Casey Mittelstadt","BUF","C","6","21.233333333333","0","3","2","1","3","100.00","2","0.00","0.23","4","3","2","0","0","0","2","1","1","0","0","0","2","0","0","1","0","14","8","63.64"
"442","Jason Robertson","DAL","L","7","18.5","1","2","0","2","3","100.00","10","10.00","1.38","16","13","12","4","0","2","2","1","1","0","0","0","1","0","0","1","0","0","0","-"
"463","Drake Batherson","OTT","R","6","18.533333333333","2","1","1","0","3","75.00","3","66.67","0.78","5","4","5","2","0","1","0","0","0","0","0","0","1","1","0","1","0","0","0","-"
"523","Matt Boldy","MIN","L","6","30.1","1","2","0","2","3","37.50","9","11.11","1.24","14","12","12","3","0","1","0","0","0","0","0","1","0","1","0","0","0","1","0","100.00"
"534","Matias Maccelli","ARI","L","6","17.083333333333","0","3","1","2","3","100.00","0","-","0.05","1","1","1","0","0","0","0","0","0","0","0","0","0","0","0","0","0","0","0","-"
"560","J.J. Moser","ARI","D","6","28.533333333333","0","3","0","3","3","50.00","2","0.00","0.12","6","2","1","0","0","0","0","0","0","0","0","0","3","0","0","1","1","0","0","-"
"5","Corey Perry","T.B","R","7","15.15","1","1","0","1","2","66.67","5","20.00","0.91","6","6","6","4","0","2","0","0","0","0","0","0","0","0","0","0","0","0","0","-"
"6","Patrice Bergeron","BOS","C","7","29.8","1","1","1","0","2","50.00","11","9.09","2.16","21","16","18","9","0","2","0","0","0","0","0","0","1","0","0","0","0","26","12","68.42"
"7","Joe Pavelski","DAL","C","7","18.016666666667","1","1","0","1","2","66.67","3","33.33","0.38","5","4","4","2","0","1","0","0","0","0","0","1","0","1","0","0","0","3","2","60.00"
"18","Anze Kopitar","L.A","C","8","33.483333333333","0","2","1","1","2","66.67","1","0.00","0.08","5","1","3","0","0","0","0","0","0","0","0","0","2","0","0","2","0","17","15","53.13"
"19","T.J. Oshie","WSH","R","7","30.85","2","0","0","0","2","40.00","5","40.00","2.09","10","9","10","7","0","2","0","0","0","0","0","0","0","1","1","1","0","8","7","53.33"
"36","Jamie Benn","DAL","L","7","16.533333333333","0","2","2","0","2","66.67","4","0.00","0.36","4","4","3","0","0","0","2","1","1","0","0","0","4","0","1","0","0","8","10","44.44"
"46","David Perron","DET","L","6","25","2","0","0","0","2","40.00","6","33.33","0.66","9","8","5","0","0","0","0","0","0","0","0","0","1","0","0","0","0","0","0","-"
"58","Alex Pietrangelo","VGK","D","8","25.266666666667","0","2","1","1","2","66.67","4","0.00","0.21","7","5","2","0","0","0","0","0","0","0","0","0","0","0","1","0","1","0","0","-"
"84","Evander Kane","EDM","L","6","14","0","2","2","0","2","40.00","4","0.00","0.62","4","4","4","4","0","0","2","1","1","0","0","0","1","2","1","0","0","0","0","-"
"90","Chris Kreider","NYR","L","7","34.05","1","1","0","1","2","33.33","11","9.09","3","19","17","18","16","0","4","0","0","0","0","0","0","3","0","1","1","1","0","0","-"
"92","Reilly Smith","VGK","R","8","19.3","1","1","1","0","2","100.00","3","33.33","0.46","7","5","6","1","0","1","0","0","0","0","0","0","0","0","0","0","0","0","0","-"
"98","Marcus Foligno","MIN","L","6","6.2166666666667","0","2","0","2","2","100.00","2","0.00","0.17","2","2","2","1","1","0","0","0","0","0","0","0","0","0","0","0","0","0","0","-"
"106","Anders Lee","NYI","L","6","22.533333333333","2","0","0","0","2","66.67","6","33.33","1.3","7","7","7","6","0","0","2","1","1","0","0","0","0","0","0","1","0","1","0","100.00"
"114","Jason Zucker","PIT","L","6","12.216666666667","0","2","1","1","2","66.67","2","0.00","0.43","6","5","4","1","0","1","0","0","0","0","0","0","0","1","0","1","0","1","0","100.00"
"120","Brock Nelson","NYI","C","6","20.966666666667","0","2","1","1","2","66.67","9","0.00","0.88","13","10","10","2","0","0","0","0","0","0","0","0","0","1","0","0","0","15","12","55.56"
"129","Zach Hyman","EDM","L","6","10","1","1","0","1","2","66.67","2","50.00","0.48","3","3","3","3","0","0","2","1","1","0","0","0","0","0","0","0","0","0","0","-"
"134","Mikael Granlund","NSH","C","7","33.15","0","2","1","1","2","100.00","4","0.00","0.53","7","5","5","2","0","1","2","1","1","0","0","0","2","0","1","1","0","3","3","50.00"
"136","Bryan Rust","PIT","R","7","30.333333333333","1","1","1","0","2","66.67","6","16.67","1.23","9","9","9","8","0","1","0","0","0","0","0","0","0","1","1","1","0","0","0","-"
"141","Mark Stone","VGK","R","8","24.833333333333","0","2","2","0","2","100.00","2","0.00","0.55","7","5","7","2","0","0","0","0","0","0","0","0","1","1","1","1","0","0","0","-"
"145","Travis Boyd","ARI","C","6","28.083333333333","0","2","2","0","2","33.33","2","0.00","0.24","2","2","2","1","0","0","0","0","0","0","0","1","1","0","0","1","0","14","14","50.00"
"150","Vincent Trocheck","NYR","C","7","32.75","1","1","1","0","2","33.33","12","8.33","1.45","16","13","14","6","0","4","0","0","0","0","0","0","1","1","0","3","0","21","13","61.76"
"176","Stefan Noesen","CAR","R","5","13.85","0","2","0","2","2","50.00","2","0.00","0.24","3","3","2","1","0","0","0","0","0","0","0","0","0","0","1","1","0","0","0","-"
"178","Vladislav Namestnikov","T.B","C","7","22","0","2","2","0","2","50.00","1","0.00","0.06","1","1","0","0","0","0","0","0","0","0","0","1","1","0","0","0","1","0","1","0.00"
"181","Jonathan Marchessault","VGK","C","8","23.2","2","0","0","0","2","66.67","6","33.33","0.55","9","7","5","0","0","0","0","0","0","0","0","0","1","0","3","0","0","0","0","-"
"183","Torey Krug","STL","D","4","7.8833333333333","1","1","1","0","2","100.00","1","100.00","0.22","3","3","2","0","0","0","0","0","0","0","0","0","0","0","0","1","0","0","0","-"
"186","Morgan Rielly","TOR","D","7","29.983333333333","0","2","1","1","2","50.00","1","0.00","0.34","5","4","5","1","0","0","0","0","0","0","0","0","1","0","0","1","2","0","0","-"
"202","Oskar Sundqvist","DET","C","6","16.183333333333","0","2","1","1","2","40.00","3","0.00","0.94","5","5","5","5","0","1","0","0","0","0","0","0","1","0","0","2","0","1","1","50.00"
"252","Aleksander Barkov","FLA","C","7","39.416666666667","0","2","1","1","2","100.00","4","0.00","0.32","13","7","5","1","1","3","0","0","0","0","0","0","1","1","0","1","0","21","15","58.33"
"254","Seth Jones","CHI","D","6","15.616666666667","0","2","2","0","2","50.00","3","0.00","0.14","5","4","1","0","0","3","4","1","1","0","0","0","2","0","3","0","0","0","0","-"
"255","Elias Lindholm","CGY","C","6","22.616666666667","2","0","0","0","2","33.33","7","28.57","1.42","11","9","9","4","0","1","0","0","0","0","0","0","0","0","0","0","0","10","5","66.67"
"258","Bo Horvat","VAN","C","7","29.583333333333","0","2","1","1","2","66.67","6","0.00","0.98","9","7","8","3","0","0","0","0","0","0","0","0","0","0","0","0","0","26","13","66.67"
"260","Max Domi","CHI","C","6","12.616666666667","2","0","0","0","2","50.00","2","100.00","0.44","2","2","2","2","0","0","4","2","2","0","0","1","0","1","0","0","0","11","7","61.11"
"299","Brayden Point","T.B","C","7","34.566666666667","1","1","0","1","2","33.33","5","20.00","1.03","9","6","9","4","0","1","0","0","0","0","0","0","0","0","1","2","0","8","15","34.78"
"302","Danton Heinen","PIT","L","7","15.533333333333","1","1","1","0","2","66.67","3","33.33","0.62","4","4","3","1","0","0","0","0","0","0","0","0","0","0","0","0","0","0","0","-"
"325","Jack Eichel","VGK","C","8","26.916666666667","0","2","0","2","2","100.00","5","0.00","0.42","10","7","2","0","0","0","0","0","0","0","0","0","2","0","0","2","0","6","4","60.00"
"336","Travis Konecny","PHI","R","6","20.733333333333","1","1","1","0","2","50.00","6","16.67","0.97","12","10","7","2","0","2","0","0","0","0","0","0","1","0","0","0","0","1","0","100.00"
"347","Thomas Chabot","OTT","D","6","18.6","1","1","1","0","2","66.67","3","33.33","0.21","7","4","3","0","0","1","0","0","0","0","0","0","0","0","1","0","1","0","0","-"
"351","Joel Eriksson Ek","MIN","C","6","29.483333333333","2","0","0","0","2","33.33","12","16.67","1.95","13","13","13","8","0","1","4","2","2","0","0","2","0","0","1","3","0","18","12","60.00"
"373","Mason Marchment","DAL","L","7","14.283333333333","1","1","1","0","2","66.67","3","33.33","0.61","5","4","4","2","0","1","0","0","0","0","0","0","0","0","1","1","0","0","0","-"
"377","Luke Kunin","S.J","C","9","23.433333333333","1","1","1","0","2","100.00","6","16.67","1.22","7","7","5","4","0","3","2","1","1","0","0","1","0","0","0","2","0","0","0","-"
"384","Alex DeBrincat","OTT","R","6","19.366666666667","0","2","1","1","2","66.67","4","0.00","0.57","9","5","4","1","0","1","0","0","0","0","0","0","0","0","0","0","0","0","0","-"
"407","Tage Thompson","BUF","R","6","20.733333333333","0","2","1","1","2","66.67","6","0.00","0.47","9","7","5","0","1","1","0","0","0","0","0","0","2","0","0","3","0","1","0","100.00"
"422","Juuso Valimaki","ARI","D","4","13.216666666667","0","2","1","1","2","100.00","0","-","0.04","1","1","0","0","0","0","0","0","0","0","0","0","1","0","0","0","0","0","0","-"
"435","Elias Pettersson","VAN","C","7","29.016666666667","0","2","0","2","2","66.67","8","0.00","0.89","16","12","9","1","0","1","0","0","0","0","0","0","3","1","2","0","1","0","0","-"
"436","Gabriel Vilardi","L.A","C","8","27.416666666667","2","0","0","0","2","66.67","6","33.33","1.13","7","6","6","4","0","2","0","0","0","0","0","1","1","0","0","3","0","2","5","28.57"
"447","Martin Necas","CAR","C","6","17.683333333333","1","1","1","0","2","40.00","2","50.00","0.38","7","5","2","1","0","0","0","0","0","0","0","0","0","0","0","1","0","3","4","42.86"
"493","Rasmus Dahlin","BUF","D","6","24.316666666667","2","0","0","0","2","66.67","5","40.00","0.38","8","6","2","0","0","0","0","0","0","0","0","0","1","0","0","0","0","0","0","-"
"497","Noah Dobson","NYI","D","6","22.35","1","1","0","1","2","66.67","4","25.00","0.43","13","10","1","0","0","1","0","0","0","0","0","0","2","0","1","0","1","0","0","-"
"499","Rasmus Sandin","TOR","D","7","7.35","0","2","0","2","2","100.00","2","0.00","0.11","3","2","0","0","0","1","0","0","0","0","0","0","0","0","0","0","0","0","0","-"
"518","Trevor Zegras","ANA","C","6","23.433333333333","1","1","0","1","2","100.00","2","50.00","0.34","4","4","4","0","0","0","0","0","0","0","0","1","0","0","2","2","0","1","0","100.00"
"547","Dawson Mercer","N.J","C","7","15.716666666667","1","1","0","1","2","100.00","2","50.00","0.72","3","2","3","2","0","1","0","0","0","0","0","0","0","0","0","3","0","0","0","-"
"562","Matty Beniers","SEA","C","8","26.483333333333","1","1","1","0","2","66.67","7","14.29","0.59","10","9","1","0","0","0","0","0","0","0","0","1","1","0","0","2","0","1","4","20.00"
"564","Dylan Guenther","ARI","R","5","14.75","2","0","0","0","2","100.00","4","50.00","0.84","6","6","6","4","0","1","0","0","0","0","0","0","0","0","0","1","0","0","0","-"
"567","Wyatt Johnston","DAL","C","7","13.983333333333","1","1","0","1","2","66.67","1","100.00","0.09","1","1","1","0","0","0","0","0","0","0","0","0","0","0","0","1","0","1","0","100.00"
"1","Ryan Suter","DAL","D","7","15.183333333333","0","1","0","1","1","33.33","0","-","0.03","2","1","0","0","0","0","0","0","0","0","0","0","1","0","0","0","0","0","0","-"
"22","Kris Letang","PIT","D","7","31.283333333333","0","1","0","1","1","25.00","0","-","0.08","5","2","2","0","0","0","0","0","0","0","0","0","1","1","1","0","0","0","0","-"
"24","Nick Foligno","BOS","L","7","11.433333333333","0","1","1","0","1","100.00","2","0.00","0.54","3","3","3","2","0","1","0","0","0","0","0","0","0","0","0","0","0","1","0","100.00"
"29","Jeff Petry","PIT","D","7","17.516666666667","1","0","0","0","1","50.00","3","33.33","0.24","7","4","3","0","0","0","2","1","1","0","0","0","1","0","0","0","0","0","0","-"
"30","Claude Giroux","OTT","R","6","13.733333333333","0","1","1","0","1","100.00","2","0.00","0.2","5","5","0","0","0","0","0","0","0","0","0","0","0","0","0","0","0","5","4","55.56"
"33","Phil Kessel","VGK","C","8","18.6","0","1","0","1","1","33.33","7","0.00","0.39","8","7","4","0","0","1","0","0","0","0","0","0","0","0","0","0","0","0","0","-"
"34","Jonathan Toews","CHI","C","6","8.8","1","0","0","0","1","100.00","3","33.33","0.49","4","4","1","1","0","0","0","0","0","0","0","0","0","0","0","0","0","1","1","50.00"
"42","Sam Gagner","WPG","C","6","10.066666666667","1","0","0","0","1","100.00","1","100.00","0.15","2","1","1","1","0","0","0","0","0","0","0","0","1","0","0","0","0","3","1","75.00"
"43","Logan Couture","S.J","C","9","26.866666666667","1","0","0","0","1","100.00","3","33.33","0.73","6","5","5","2","1","0","2","1","1","0","0","0","1","0","0","0","0","9","3","75.00"
"62","Erik Karlsson","S.J","D","9","28.583333333333","0","1","0","1","1","100.00","2","0.00","0.14","11","3","6","1","0","0","0","0","0","0","0","0","0","0","0","0","0","0","0","-"
"68","Michael Stone","CGY","D","6","1.6166666666667","0","1","1","0","1","inf","2","0.00","0.13","2","2","1","0","0","0","0","0","0","0","0","0","0","0","1","0","1","0","0","-"
"83","Matt Duchene","NSH","C","7","31.65","1","0","0","0","1","100.00","8","12.50","0.7","16","11","5","1","0","0","4","2","2","0","0","0","1","0","0","0","0","0","0","-"
"85","Brayden Schenn","STL","C","4","7.35","0","1","0","1","1","100.00","0","-","0.16","4","2","3","0","0","0","0","0","0","0","0","0","0","0","0","0","0","0","0","-"
"95","Dmitry Orlov","WSH","D","7","7.5","0","1","1","0","1","100.00","0","-","0.04","3","1","1","0","0","0","0","0","0","0","0","0","0","0","1","0","0","0","0","-"
"99","Craig Smith","BOS","C","5","2.95","0","1","0","1","1","100.00","0","-","0","0","0","0","0","0","0","0","0","0","0","0","0","0","0","0","0","0","0","0","-"
"125","Vladimir Tarasenko","STL","R","4","8.1166666666667","0","1","1","0","1","50.00","4","0.00","0.36","4","4","1","1","0","0","0","0","0","0","0","0","0","0","0","0","0","0","0","-"
"130","Taylor Hall","BOS","L","7","23.75","1","0","0","0","1","50.00","3","33.33","0.43","4","4","4","2","0","0","2","1","1","0","0","0","0","0","0","2","0","0","0","-"
"131","Ryan Johansen","NSH","C","7","31.35","0","1","0","1","1","50.00","3","0.00","0.82","8","8","8","2","0","1","0","0","0","0","0","0","2","0","0","1","0","18","12","60.00"
"135","Nino Niederreiter","NSH","R","7","18.766666666667","1","0","0","0","1","100.00","3","33.33","0.4","6","5","3","2","0","0","0","0","0","0","0","1","0","0","0","1","0","0","0","-"
"140","John Klingberg","ANA","D","6","23.516666666667","0","1","0","1","1","50.00","4","0.00","0.31","10","6","4","0","0","0","0","0","0","0","0","0","0","1","0","1","0","0","0","-"
"151","Adam Lowry","WPG","C","6","4.5","0","1","1","0","1","100.00","0","-","0.1","1","1","1","0","0","0","0","0","0","0","0","0","0","0","0","0","0","1","1","50.00"
"161","William Karlsson","VGK","C","8","20.283333333333","1","0","0","0","1","33.33","3","33.33","0.59","5","4","5","1","0","0","0","0","0","0","0","0","0","0","0","1","0","6","3","66.67"
"167","Ryan Strome","ANA","C","6","20.283333333333","1","0","0","0","1","50.00","3","33.33","0.38","4","3","4","2","0","1","0","0","0","0","0","0","0","0","0","0","0","14","8","63.64"
"169","Mark Scheifele","WPG","C","6","20.85","1","0","0","0","1","100.00","3","33.33","0.63","7","6","7","3","0","0","0","0","0","0","0","0","2","0","1","1","0","10","7","58.82"
"170","Dougie Hamilton","N.J","D","7","23","0","1","0","1","1","50.00","5","0.00","0.38","12","7","4","0","0","1","0","0","0","0","0","0","0","0","0","0","1","0","0","-"
"179","Rickard Rakell","PIT","R","7","22.116666666667","1","0","0","0","1","25.00","8","12.50","1.39","16","14","10","5","0","1","0","0","0","0","0","0","1","0","0","3","0","2","0","100.00"
"187","Hampus Lindholm","BOS","D","7","26.916666666667","0","1","1","0","1","33.33","1","0.00","0.07","1","1","0","0","0","0","0","0","0","0","0","0","1","0","0","0","0","0","0","-"
"190","Tanner Pearson","VAN","L","7","11.433333333333","0","1","1","0","1","100.00","0","-","0.29","1","1","1","1","0","0","2","1","1","0","0","0","0","0","1","0","0","5","3","62.50"
"198","Filip Forsberg","NSH","L","7","31.966666666667","0","1","1","0","1","50.00","4","0.00","0.78","16","12","6","1","0","1","0","0","0","0","0","0","2","0","0","0","0","0","0","-"
"214","Andreas Athanasiou","CHI","C","6","7.3666666666667","0","1","0","1","1","100.00","0","-","0","0","0","0","0","0","0","0","0","0","0","0","0","1","0","0","1","0","0","0","-"
"221","Alexander Kerfoot","TOR","C","7","11.116666666667","1","0","0","0","1","100.00","2","50.00","0.42","2","2","2","1","0","0","0","0","0","0","0","0","0","0","0","1","0","1","2","33.33"
"232","Pavel Buchnevich","STL","L","1","2.2166666666667","1","0","0","0","1","100.00","1","100.00","0.16","2","2","0","0","0","0","0","0","0","0","0","0","0","0","0","0","0","0","0","-"
"233","Jake Guentzel","PIT","L","4","15","1","0","0","0","1","33.33","6","16.67","0.89","13","9","9","2","0","0","0","0","0","0","0","0","0","1","0","0","0","1","0","100.00"
"235","Oliver Bjorkstrand","SEA","R","8","25.083333333333","1","0","0","0","1","50.00","7","14.29","1","13","12","8","1","0","0","0","0","0","0","0","0","0","0","0","0","0","0","0","-"
"256","Sean Monahan","MTL","C","7","21.75","0","1","1","0","1","100.00","4","0.00","0.67","4","4","4","1","0","2","2","1","1","0","0","0","0","2","0","0","0","11","6","64.71"
"257","Darnell Nurse","EDM","D","6","3.4166666666667","0","1","0","1","1","100.00","0","-","0","0","0","0","0","0","0","0","0","0","0","0","0","0","0","0","0","0","0","0","-"
"266","Anthony Mantha","WSH","R","7","8.3","1","0","0","0","1","100.00","1","100.00","0.06","2","1","0","0","0","0","0","0","0","0","0","0","1","0","1","0","0","0","0","-"
"268","Conor Sheary","WSH","L","7","3.7833333333333","0","1","0","1","1","100.00","0","-","0","0","0","0","0","0","0","0","0","0","0","0","0","0","0","0","0","0","0","1","0.00"
"273","Aaron Ekblad","FLA","D","3","13.316666666667","1","0","0","0","1","50.00","4","25.00","0.64","11","7","5","1","0","0","0","0","0","0","0","0","0","0","1","1","0","0","0","-"
"274","Sam Reinhart","FLA","C","7","40.4","0","1","0","1","1","50.00","8","0.00","1.26","12","11","9","6","1","1","0","0","0","0","0","0","2","0","0","1","0","3","0","100.00"
"279","Nikolaj Ehlers","WPG","L","2","8.1333333333333","0","1","0","1","1","100.00","2","0.00","0.09","3","2","1","0","0","0","0","0","0","0","0","0","1","1","0","1","0","0","0","-"
"285","Alex Tuch","BUF","R","6","20.6","1","0","0","0","1","50.00","2","50.00","0.17","3","2","3","1","0","0","0","0","0","0","0","1","0","1","0","0","0","0","0","-"
"290","Adrian Kempe","L.A","C","8","31.783333333333","0","1","1","0","1","33.33","6","0.00","1.03","12","9","10","3","1","0","2","1","1","0","0","0","2","0","1","1","0","0","0","-"
"295","Brandon Montour","FLA","D","5","29.2","1","0","0","0","1","50.00","5","20.00","0.8","11","9","5","2","0","1","2","1","1","0","0","0","0","0","0","1","0","0","0","-"
"296","Ryan Donato","SEA","C","6","16.266666666667","0","1","0","1","1","100.00","1","0.00","0.26","3","3","3","2","0","0","0","0","0","0","0","1","0","0","1","0","0","0","0","-"
"303","Michael Bunting","TOR","L","7","12.566666666667","0","1","1","0","1","100.00","1","0.00","0.09","2","1","2","0","0","0","0","0","0","0","0","0","0","0","0","0","0","0","0","-"
"307","Oskar Lindblom","S.J","L","8","11.783333333333","0","1","1","0","1","100.00","0","-","0","1","0","0","0","0","0","0","0","0","0","0","0","1","0","0","0","0","0","0","-"
"323","Pavel Zacha","BOS","C","7","14.75","1","0","0","0","1","100.00","6","16.67","1.05","7","7","5","4","0","0","0","0","0","0","0","1","1","0","0","1","0","1","0","100.00"
"340","Roope Hintz","DAL","C","7","17.683333333333","0","1","1","0","1","33.33","1","0.00","0.62","4","4","4","2","0","0","0","0","0","0","0","0","0","0","0","0","0","1","1","50.00"
"346","Daniel Sprong","SEA","R","2","6.6","0","1","0","1","1","100.00","1","0.00","0.04","1","1","0","0","0","0","0","0","0","0","0","0","0","0","0","0","0","0","0","-"
"350","Mitchell Marner","TOR","R","7","34.316666666667","0","1","0","1","1","20.00","3","0.00","0.25","10","4","3","0","0","2","0","0","0","0","0","0","5","2","0","2","0","0","0","-"
"354","Ivan Provorov","PHI","D","6","8.7166666666667","0","1","0","1","1","100.00","2","0.00","0.11","3","2","1","0","0","0","0","0","0","0","0","0","0","0","0","0","0","0","0","-"
"357","Evan Rodrigues","COL","C","7","9.1833333333333","1","0","0","0","1","100.00","3","33.33","0.54","5","3","5","2","0","1","0","0","0","0","0","0","0","0","0","0","0","2","0","100.00"
"364","Conor Garland","VAN","R","6","9.7833333333333","1","0","0","0","1","100.00","1","100.00","0.12","2","2","1","0","0","0","0","0","0","0","0","0","0","0","0","0","0","0","0","-"
"367","Troy Terry","ANA","R","6","23.55","0","1","1","0","1","50.00","5","0.00","0.77","9","7","5","2","0","0","0","0","0","0","0","1","0","1","2","0","0","0","0","-"
"376","Matthew Tkachuk","FLA","L","7","42.083333333333","0","1","1","0","1","50.00","14","0.00","2.82","25","18","16","9","1","6","0","0","0","0","0","0","3","0","0","1","0","1","1","50.00"
"380","Adam Fox","NYR","D","7","33.85","0","1","0","1","1","16.67","2","0.00","0.11","8","3","3","0","0","0","0","0","0","0","0","0","3","1","0","0","1","0","0","-"
"383","Carl Grundstrom","L.A","R","7","2.3","1","0","0","0","1","100.00","1","100.00","0.19","3","2","2","1","0","0","0","0","0","0","0","0","0","0","0","0","0","0","0","-"
"398","Taylor Raddysh","CHI","R","6","13.616666666667","1","0","0","0","1","25.00","2","50.00","0.18","2","2","0","0","0","0","0","0","0","0","0","0","1","0","1","0","0","1","0","100.00"
"400","Samuel Girard","COL","D","7","8.0833333333333","0","1","1","0","1","100.00","0","-","0","2","0","0","0","0","0","0","0","0","0","0","0","0","1","0","1","0","0","0","-"
"401","Pierre-Luc Dubois","WPG","L","6","21.766666666667","0","1","1","0","1","100.00","7","0.00","0.88","11","10","8","3","0","1","2","1","1","0","0","0","0","0","0","1","0","2","1","66.67"
"404","Mikhail Sergachev","T.B","D","7","10.433333333333","0","1","0","1","1","100.00","0","-","0","0","0","0","0","0","0","0","0","0","0","0","0","0","0","0","0","0","0","0","-"
"427","Mario Ferraro","S.J","D","9","15.883333333333","0","1","0","1","1","100.00","1","0.00","0.07","3","1","2","0","0","1","0","0","0","0","0","0","0","0","0","0","0","0","0","-"
"433","Nico Hischier","N.J","C","6","18.3","0","1","1","0","1","50.00","5","0.00","0.77","6","6","5","3","0","0","0","0","0","0","0","0","0","0","1","1","0","13","11","54.17"
"438","Nick Suzuki","MTL","C","7","23.033333333333","0","1","0","1","1","100.00","4","0.00","0.37","6","4","4","2","0","2","0","0","0","0","0","0","0","0","0","1","0","7","4","63.64"
"446","Miro Heiskanen","DAL","D","6","16.183333333333","1","0","0","0","1","33.33","5","20.00","0.33","9","6","3","0","0","1","0","0","0","0","0","0","0","0","0","0","0","0","0","-"
"456","Alex Iafallo","L.A","L","4","5.7333333333333","1","0","0","0","1","100.00","1","100.00","0.26","2","2","2","2","0","0","0","0","0","0","0","0","0","1","0","0","0","0","0","-"
"471","Sean Durzi","L.A","D","7","20.166666666667","0","1","0","1","1","100.00","0","-","0.05","4","1","1","0","0","1","0","0","0","0","0","0","0","0","0","0","1","0","0","-"
"479","Philipp Kurashev","CHI","C","6","5.9666666666667","0","1","1","0","1","100.00","2","0.00","0.33","2","2","1","1","0","0","0","0","0","0","0","0","0","0","0","1","0","0","0","-"
"480","Quinn Hughes","VAN","D","5","22.7","0","1","1","0","1","50.00","4","0.00","0.21","7","4","1","0","0","0","2","1","1","0","0","0","1","2","0","1","1","0","0","-"
"500","Nils Lundkvist","DAL","D","7","16.066666666667","0","1","1","0","1","33.33","1","0.00","0.07","2","1","2","0","0","0","0","0","0","0","0","0","0","0","1","0","0","0","0","-"
"515","Kirby Dach","MTL","C","7","15.433333333333","1","0","0","0","1","100.00","1","100.00","0.3","4","2","3","2","0","0","2","1","1","0","0","0","0","0","1","0","0","0","1","0.00"
"516","Bowen Byram","COL","D","7","7.55","0","1","0","1","1","100.00","2","0.00","0.41","4","3","1","1","0","0","2","1","1","0","0","0","0","0","0","2","0","0","0","-"
"521","Moritz Seider","DET","D","6","17.983333333333","0","1","0","1","1","100.00","3","0.00","0.16","4","4","0","0","0","0","0","0","0","0","0","0","0","0","1","0","0","0","0","-"
"524","Jack Hughes","N.J","C","7","20.583333333333","0","1","1","0","1","50.00","4","0.00","0.34","6","4","3","1","0","0","0","0","0","0","0","0","4","0","1","0","0","2","1","66.67"
"525","Arthur Kaliyev","L.A","R","7","16.633333333333","0","1","1","0","1","50.00","8","0.00","0.97","16","9","10","3","1","3","0","0","0","0","0","0","0","0","1","3","0","0","0","-"
"527","Sam Poulin","PIT","R","1","2.3333333333333","0","1","0","1","1","100.00","0","-","0","0","0","0","0","0","0","0","0","0","0","0","0","0","0","0","0","0","0","0","-"
"528","Shane Pinto","OTT","C","6","11.383333333333","1","0","0","0","1","100.00","3","33.33","0.27","4","4","3","0","0","0","0","0","0","0","0","0","0","0","0","0","0","0","0","-"
"531","Ilya Mikheyev","VAN","R","4","5.8166666666667","0","1","0","1","1","100.00","0","-","0.07","1","1","1","0","0","0","0","0","0","0","0","0","0","0","0","0","0","0","0","-"
"545","Jake Sanderson","OTT","D","6","10.966666666667","0","1","0","1","1","100.00","1","0.00","0.05","4","1","1","0","0","0","0","0","0","0","0","0","0","0","0","0","0","0","0","-"
"549","Tim Stützle","OTT","L","6","17.15","0","1","0","1","1","33.33","3","0.00","0.77","4","4","3","3","0","1","0","0","0","0","0","0","2","0","0","0","1","0","0","-"
"551","Alexander Holtz","N.J","R","4","4.8333333333333","1","0","0","0","1","100.00","5","20.00","0.98","7","7","5","2","0","1","0","0","0","0","0","0","0","0","0","1","0","0","0","-"
"553","Cole Perfetti","WPG","C","6","9.7333333333333","0","1","0","1","1","100.00","1","0.00","0.13","2","2","1","0","0","0","0","0","0","0","0","0","1","0","0","1","0","0","0","-"
"566","Brandt Clarke","L.A","D","7","4.7","0","1","1","0","1","50.00","0","-","0.05","2","1","1","0","0","0","2","1","1","0","0","0","0","0","0","0","0","0","0","-"
"568","Mason McTavish","ANA","C","6","19.966666666667","0","1","1","0","1","50.00","4","0.00","0.77","5","5","4","3","0","1","0","0","0","0","0","0","1","0","0","2","0","1","0","100.00"
"573","Andrei Kuzmenko","VAN","L","7","25.05","1","0","0","0","1","33.33","5","20.00","0.97","7","7","7","7","0","0","0","0","0","0","0","0","1","0","0","1","0","0","0","-"
"3","Zach Parise","NYI","L","6","13.066666666667","0","0","0","0","0","-","3","0.00","0.41","4","4","2","0","0","0","0","0","0","0","0","0","1","0","0","1","0","0","1","0.00"
"8","Mark Giordano","TOR","D","7","9.15","0","0","0","0","0","-","0","-","0","2","0","1","0","0","0","0","0","0","0","0","0","1","0","0","0","0","0","0","-"
"11","Blake Wheeler","WPG","R","6","16.933333333333","0","0","0","0","0","-","1","0.00","0.35","3","1","1","1","0","0","0","0","0","0","0","0","0","0","0","0","0","0","0","-"
"12","Alex Goligoski","MIN","D","4","0.066666666666667","0","0","0","0","0","-","0","-","0","0","0","0","0","0","0","0","0","0","0","0","0","0","0","0","0","0","0","0","-"
"14","Alexander Edler","L.A","D","5","0.21666666666667","0","0","0","0","0","-","0","-","0","0","0","0","0","0","0","0","0","0","0","0","0","0","0","0","0","0","0","0","-"
"15","Paul Stastny","CAR","C","6","16.033333333333","0","0","0","0","0","0.00","0","-","0","0","0","0","0","0","0","0","0","0","0","0","0","0","0","0","1","0","2","0","100.00"
"17","Jack Johnson","CHI","D","6","0.83333333333333","0","0","0","0","0","-","0","-","0","0","0","0","0","0","0","0","0","0","0","0","0","0","0","0","0","0","0","0","-"
"20","Andrew Cogliano","COL","C","7","0.05","0","0","0","0","0","-","0","-","0","0","0","0","0","0","0","0","0","0","0","0","0","0","0","0","0","0","0","0","-"
"21","Marc-Edouard Vlasic","S.J","D","9","0.98333333333333","0","0","0","0","0","-","0","-","0","0","0","0","0","0","0","0","0","0","0","0","0","0","0","0","0","0","0","0","-"
"23","Patric Hornqvist","FLA","R","7","26.85","0","0","0","0","0","-","6","0.00","1.39","11","9","9","5","0","2","0","0","0","0","0","0","0","0","2","3","0","1","0","100.00"
"25","Kyle Okposo","BUF","R","6","16.583333333333","0","0","0","0","0","-","1","0.00","0.14","2","1","2","1","0","0","0","0","0","0","0","0","0","1","0","0","0","0","0","-"
"26","Trevor Lewis","CGY","C","6","0.61666666666667","0","0","0","0","0","-","0","-","0","0","0","0","0","0","0","0","0","0","0","0","0","0","0","0","0","0","0","0","-"
"27","Milan Lucic","CGY","L","6","0.95","0","0","0","0","0","-","0","-","0","0","0","0","0","0","0","0","0","0","0","0","0","0","0","0","0","0","0","0","-"
"28","Cal Clutterbuck","NYI","R","5","0.25","0","0","0","0","0","-","0","-","0","0","0","0","0","0","0","0","0","0","0","0","0","0","0","0","0","0","0","0","-"
"31","Jordan Staal","CAR","C","6","0.9","0","0","0","0","0","-","0","-","0","0","0","0","0","0","0","0","0","0","0","0","0","0","0","0","0","0","0","2","0.00"
"32","Derick Brassard","OTT","C","1","1.8666666666667","0","0","0","0","0","-","0","-","0","0","0","0","0","0","0","0","0","0","0","0","0","0","0","0","0","0","0","1","0.00"
"35","Alex Killorn","T.B","L","7","19.533333333333","0","0","0","0","0","0.00","3","0.00","0.65","3","3","2","1","0","0","0","0","0","0","0","0","0","0","0","3","0","0","0","-"
"37","Nick Bonino","S.J","C","7","14.6","0","0","0","0","0","0.00","1","0.00","0.04","3","1","2","0","0","0","0","0","0","0","0","0","1","0","0","0","0","5","3","62.50"
"38","Ian Cole","T.B","D","4","0.25","0","0","0","0","0","-","1","0.00","0.05","1","1","1","0","0","0","0","0","0","0","0","0","0","0","0","0","0","0","0","-"
"39","Justin Braun","PHI","D","6","0.7","0","0","0","0","0","-","0","-","0.03","1","1","0","0","0","0","0","0","0","0","0","0","0","0","0","0","0","0","0","-"
"40","Kevin Shattenkirk","ANA","D","6","10.883333333333","0","0","0","0","0","-","2","0.00","0.11","3","2","2","0","1","1","0","0","0","0","0","0","1","0","0","0","0","0","0","-"
"44","Brad Malone","EDM","C","2","0.11666666666667","0","0","0","0","0","-","0","-","0","0","0","0","0","0","0","0","0","0","0","0","0","0","0","0","0","0","0","0","-"
"45","Brendan Smith","N.J","D","7","0.38333333333333","0","0","0","0","0","-","0","-","0","0","0","0","0","0","0","0","0","0","0","0","0","0","0","0","0","0","0","0","-"
"48","Evgenii Dadonov","MTL","R","7","2.3666666666667","0","0","0","0","0","-","0","-","0","0","0","0","0","0","0","0","0","0","0","0","0","0","0","0","0","0","0","0","-"
"49","Mikael Backlund","CGY","C","6","13.05","0","0","0","0","0","-","3","0.00","0.32","5","4","0","0","0","0","0","0","0","0","0","0","0","1","0","0","0","6","0","100.00"
"50","Ryan McDonagh","NSH","D","7","1.0833333333333","0","0","0","0","0","-","0","-","0","1","0","1","0","0","0","0","0","0","0","0","0","0","0","0","0","0","0","0","-"
"51","Jakub Voracek","CBJ","R","8","20.716666666667","0","0","0","0","0","-","4","0.00","0.44","5","5","3","2","0","0","0","0","0","0","0","0","0","0","0","0","0","0","0","-"
"52","Jake Muzzin","TOR","D","4","0.033333333333333","0","0","0","0","0","-","0","-","0","0","0","0","0","0","0","0","0","0","0","0","0","0","0","0","0","0","0","0","-"
"53","Alec Martinez","VGK","D","8","1.9166666666667","0","0","0","0","0","-","0","-","0","0","0","0","0","0","0","0","0","0","0","0","0","0","0","0","0","0","0","0","-"
"54","Lars Eller","WSH","C","7","0.25","0","0","0","0","0","-","0","-","0","0","0","0","0","0","0","0","0","0","0","0","0","0","0","0","0","0","0","0","-"
"55","Nick Holden","OTT","D","5","0.21666666666667","0","0","0","0","0","-","0","-","0","0","0","0","0","0","0","0","0","0","0","0","0","0","0","0","0","0","0","0","-"
"59","Luke Schenn","VAN","D","7","1.85","0","0","0","0","0","-","0","-","0","0","0","0","0","0","0","0","0","0","0","0","0","0","0","0","0","0","0","0","-"
"60","Josh Bailey","NYI","R","5","11.683333333333","0","0","0","0","0","-","2","0.00","0.17","3","3","2","0","0","0","0","0","0","0","0","0","1","0","0","0","0","0","0","-"
"61","Tyler Myers","VAN","D","4","0.21666666666667","0","0","0","0","0","-","0","-","0","0","0","0","0","0","0","0","0","0","0","0","0","0","0","0","0","0","0","0","-"
"65","Roman Josi","NSH","D","7","34.716666666667","0","0","0","0","0","0.00","13","0.00","0.89","23","15","6","1","0","2","0","0","0","0","0","0","0","0","0","0","1","0","0","-"
"67","Travis Hamonic","OTT","D","6","0.6","0","0","0","0","0","0.00","0","-","0","0","0","0","0","0","0","0","0","0","0","0","0","0","0","0","0","0","0","0","-"
"69","Adam Henrique","ANA","C","6","11.666666666667","0","0","0","0","0","-","0","-","0","1","0","1","0","0","0","0","0","0","0","0","0","0","0","0","0","0","3","7","30.00"
"70","TJ Brodie","TOR","D","7","0.28333333333333","0","0","0","0","0","-","0","-","0","0","0","0","0","0","0","0","0","0","0","0","0","0","0","0","0","0","0","0","-"
"71","Gustav Nyquist","CBJ","L","8","13.7","0","0","0","0","0","-","0","-","0.09","2","1","1","0","0","0","0","0","0","0","0","0","0","0","0","0","0","0","0","-"
"72","Derek Grant","ANA","C","6","0.93333333333333","0","0","0","0","0","-","0","-","0","0","0","0","0","0","0","0","0","0","0","0","0","0","0","0","0","0","0","1","0.00"
"73","Matt Martin","NYI","L","6","0.33333333333333","0","0","0","0","0","-","0","-","0","0","0","0","0","0","0","0","0","0","0","0","0","0","0","0","0","0","0","0","-"
"74","Jared Spurgeon","MIN","D","6","6.3166666666667","0","0","0","0","0","0.00","0","-","0.11","2","1","1","0","0","0","0","0","0","0","0","0","0","0","0","0","0","0","0","-"
"76","Mike Hoffman","MTL","L","7","13.633333333333","0","0","0","0","0","-","2","0.00","0.28","8","5","2","1","0","0","0","0","0","0","0","0","0","0","0","0","0","0","0","-"
"78","Kyle Palmieri","NYI","C","6","20.566666666667","0","0","0","0","0","0.00","3","0.00","0.53","8","6","6","2","0","0","0","0","0","0","0","0","0","0","0","1","0","0","0","-"
"79","Ryan O'Reilly","STL","C","4","6.8666666666667","0","0","0","0","0","-","2","0.00","0.27","2","2","1","0","0","0","0","0","0","0","0","0","0","0","0","0","0","4","2","66.67"
"80","Jakob Silfverberg","ANA","R","5","8","0","0","0","0","0","-","1","0.00","0.42","1","1","1","1","0","0","0","0","0","0","0","0","0","1","0","0","0","0","0","-"
"86","Oliver Ekman-Larsson","VAN","D","7","15.55","0","0","0","0","0","0.00","2","0.00","0.11","5","3","1","0","0","0","0","0","0","0","0","0","0","0","0","0","1","0","0","-"
"88","Dmitry Kulikov","ANA","D","6","1.4666666666667","0","0","0","0","0","-","0","-","0","0","0","0","0","0","0","0","0","0","0","0","0","0","0","0","0","0","0","0","-"
"89","Nick Leddy","STL","D","4","0.63333333333333","0","0","0","0","0","-","0","-","0","0","0","0","0","0","0","0","0","0","0","0","0","0","0","0","0","0","0","0","-"
"91","Brayden McNabb","VGK","D","8","0.65","0","0","0","0","0","-","0","-","0","0","0","0","0","0","0","0","0","0","0","0","0","0","0","0","0","0","0","0","-"
"93","Tomas Tatar","N.J","L","7","13.033333333333","0","0","0","0","0","-","1","0.00","0.11","2","1","1","1","0","0","2","1","1","0","0","0","0","0","0","0","0","1","0","100.00"
"96","Brian Dumoulin","PIT","D","7","0.016666666666667","0","0","0","0","0","-","0","-","0","0","0","0","0","0","0","0","0","0","0","0","0","0","0","0","0","0","0","0","-"
"97","Mattias Ekholm","NSH","D","7","0.51666666666667","0","0","0","0","0","-","0","-","0","0","0","0","0","0","0","0","0","0","0","0","0","0","0","0","0","0","0","0","-"
"100","Chris Wideman","MTL","D","7","20.95","0","0","0","0","0","-","1","0.00","0.07","3","2","1","0","0","0","4","2","2","0","0","0","2","0","0","0","0","0","0","-"
"101","Casey Cizikas","NYI","C","6","0.55","0","0","0","0","0","-","0","-","0","0","0","0","0","0","0","0","0","0","0","0","0","0","0","0","0","0","0","0","-"
"102","David Savard","MTL","D","7","0.61666666666667","0","0","0","0","0","-","0","-","0","0","0","0","0","0","0","0","0","0","0","0","0","0","0","0","0","0","0","0","-"
"103","Nicolas Deslauriers","PHI","L","6","0.46666666666667","0","0","0","0","0","-","0","-","0","0","0","0","0","0","0","0","0","0","0","0","0","0","0","0","0","0","0","0","-"
"104","Ben Chiarot","DET","D","6","0.83333333333333","0","0","0","0","0","-","0","-","0","0","0","0","0","0","0","0","0","0","0","0","0","0","0","0","0","0","0","0","-"
"105","Erik Haula","N.J","L","7","11.866666666667","0","0","0","0","0","-","3","0.00","0.21","3","3","2","1","0","0","0","0","0","0","0","0","0","0","0","1","0","8","3","72.73"
"107","Nick Jensen","WSH","D","7","0.1","0","0","0","0","0","-","0","-","0","0","0","0","0","0","0","0","0","0","0","0","0","0","0","0","0","0","0","0","-"
"108","Brenden Dillon","WPG","D","6","0.016666666666667","0","0","0","0","0","-","0","-","0","0","0","0","0","0","0","0","0","0","0","0","0","0","0","0","0","0","0","0","-"
"109","Radko Gudas","FLA","D","7","0.61666666666667","0","0","0","0","0","-","0","-","0","0","0","0","0","0","0","0","0","0","0","0","0","0","0","0","0","0","0","0","-"
"110","Chris Tanev","CGY","D","6","1.35","0","0","0","0","0","-","0","-","0","0","0","0","0","0","0","0","0","0","0","0","0","0","0","0","0","0","0","0","-"
"112","Calle Jarnkrok","TOR","C","7","10.5","0","0","0","0","0","0.00","2","0.00","0.28","4","2","2","2","0","0","0","0","0","0","0","0","1","0","1","1","0","2","0","100.00"
"113","Justin Holl","TOR","D","7","0.38333333333333","0","0","0","0","0","-","0","-","0","0","0","0","0","0","0","0","0","0","0","0","0","0","0","0","0","0","0","0","-"
"116","Evgeny Kuznetsov","WSH","C","6","18.183333333333","0","0","0","0","0","-","2","0.00","0.23","3","3","1","0","0","0","0","0","0","0","0","0","2","0","0","1","0","0","2","0.00"
"117","Charlie Coyle","BOS","C","7","14.583333333333","0","0","0","0","0","0.00","1","0.00","0.02","3","1","2","1","0","1","0","0","0","0","0","0","0","0","0","1","0","8","0","100.00"
"118","Patrik Nemeth","ARI","D","1","0.15","0","0","0","0","0","-","0","-","0","0","0","0","0","0","0","0","0","0","0","0","0","0","0","0","0","0","0","0","-"
"119","Justin Faulk","STL","D","4","6.9166666666667","0","0","0","0","0","-","1","0.00","0.07","2","1","1","0","0","1","0","0","0","0","0","0","0","1","0","0","0","0","0","-"
"121","Nick Bjugstad","ARI","C","6","1.7166666666667","0","0","0","0","0","-","1","0.00","0.32","1","1","1","1","0","0","0","0","0","0","0","0","0","0","0","0","0","0","0","-"
"122","Derek Forbort","BOS","D","7","0.93333333333333","0","0","0","0","0","-","0","-","0","0","0","0","0","0","0","0","0","0","0","0","0","0","0","0","1","0","0","0","-"
"124","Cam Fowler","ANA","D","6","13.266666666667","0","0","0","0","0","-","1","0.00","0.12","4","2","2","1","0","1","0","0","0","0","0","0","1","0","0","0","1","0","0","-"
"126","Austin Watson","OTT","L","6","0.51666666666667","0","0","0","0","0","-","0","-","0","0","0","0","0","0","0","0","0","0","0","0","0","0","0","0","0","0","0","0","-"
"128","Jeff Skinner","BUF","L","6","20.633333333333","0","0","0","0","0","0.00","1","0.00","0.56","8","4","5","0","0","0","0","0","0","0","0","0","0","0","0","1","0","2","0","100.00"
"133","Jarred Tinordi","CHI","D","6","0.25","0","0","0","0","0","-","0","-","0","0","0","0","0","0","0","0","0","0","0","0","0","0","0","0","0","0","0","0","-"
"137","Jani Hakanpaa","DAL","D","7","0.46666666666667","0","0","0","0","0","-","0","-","0","0","0","0","0","0","0","0","0","0","0","0","0","0","0","0","0","0","0","0","-"
"138","Brendan Gallagher","MTL","R","7","14.55","0","0","0","0","0","-","0","-","0.11","3","1","3","0","0","0","2","1","1","0","0","0","0","0","0","1","0","0","0","-"
"139","Jesper Fast","CAR","R","6","0.9","0","0","0","0","0","-","0","-","0","0","0","0","0","0","0","0","0","0","0","0","0","0","0","0","0","0","0","0","-"
"142","Colin Blackwell","CHI","C","6","0.25","0","0","0","0","0","-","0","-","0","0","0","0","0","0","0","0","0","0","0","0","0","0","0","0","0","0","0","0","-"
"143","Ondrej Palat","N.J","L","6","12.8","0","0","0","0","0","-","3","0.00","0.17","5","3","1","0","0","0","0","0","0","0","0","0","0","1","0","1","0","0","0","-"
"144","Lukas Sedlak","COL, PHI","C","5","0.86666666666667","0","0","0","0","0","-","0","-","0","0","0","0","0","0","0","0","0","0","0","0","0","0","0","0","0","0","1","0","100.00"
"146","Dylan DeMelo","WPG","D","6","0.033333333333333","0","0","0","0","0","-","0","-","0","0","0","0","0","0","0","0","0","0","0","0","0","0","0","0","0","0","0","0","-"
"147","Johnny Gaudreau","CBJ","L","8","23.116666666667","0","0","0","0","0","-","5","0.00","0.73","8","8","4","1","0","1","0","0","0","0","0","0","2","1","0","0","0","0","0","-"
"148","Nick Seeler","PHI","D","6","0.4","0","0","0","0","0","-","0","-","0","0","0","0","0","0","0","0","0","0","0","0","0","0","0","0","0","0","0","0","-"
"149","Sean Kuraly","CBJ","C","8","0.28333333333333","0","0","0","0","0","-","0","-","0","0","0","0","0","0","0","0","0","0","0","0","0","0","0","0","0","0","1","0","100.00"
"152","Blake Coleman","CGY","C","6","0.3","0","0","0","0","0","-","0","-","0","0","0","0","0","0","0","0","0","0","0","0","0","0","0","0","0","0","0","0","-"
"153","Josh Leivo","STL","L","2","3.2666666666667","0","0","0","0","0","-","0","-","0","0","0","0","0","0","0","0","0","0","0","0","0","0","0","0","0","0","0","0","-"
"154","Jean-Gabriel Pageau","NYI","C","6","10.7","0","0","0","0","0","-","0","-","0","0","0","0","0","0","0","0","0","0","0","0","0","0","0","0","0","0","6","7","46.15"
"155","Mike Reilly","BOS","D","7","9.4333333333333","0","0","0","0","0","0.00","1","0.00","0.08","2","2","0","0","0","1","0","0","0","0","0","0","0","0","0","0","0","0","0","-"
"156","Scott Mayfield","NYI","D","6","0.066666666666667","0","0","0","0","0","-","0","-","0","0","0","0","0","0","0","0","0","0","0","0","0","0","0","0","0","0","0","0","-"
"157","Boone Jenner","CBJ","C","8","22.516666666667","0","0","0","0","0","-","2","0.00","0.79","5","5","4","3","0","0","0","0","0","0","0","0","0","0","0","0","0","18","10","64.29"
"158","Brandon Saad","STL","L","3","4.9333333333333","0","0","0","0","0","-","1","0.00","0.06","1","1","1","0","0","0","0","0","0","0","0","0","0","0","0","0","0","0","0","-"
"159","Brett Ritchie","CGY","R","6","0.91666666666667","0","0","0","0","0","-","0","-","0","0","0","0","0","0","0","0","0","0","0","0","0","0","0","0","0","0","0","0","-"
"160","Matt Nieto","S.J","L","9","0.83333333333333","0","0","0","0","0","-","0","-","0","0","0","0","0","0","0","0","0","0","0","0","0","0","0","0","0","0","0","0","-"
"162","Scott Harrington","S.J","D","2","0.05","0","0","0","0","0","-","0","-","0","0","0","0","0","0","0","0","0","0","0","0","0","0","0","0","0","0","0","0","-"
"166","Adam Larsson","SEA","D","8","1.7","0","0","0","0","0","-","1","0.00","0.06","1","1","1","0","0","1","0","0","0","0","0","0","0","0","0","0","0","0","0","-"
"171","Jonas Brodin","MIN","D","6","0.1","0","0","0","0","0","-","0","-","0","0","0","0","0","0","0","0","0","0","0","0","0","0","0","0","0","0","0","0","-"
"172","Jamie Oleksiak","SEA","D","8","0.5","0","0","0","0","0","-","0","-","0","0","0","0","0","0","0","0","0","0","0","0","0","0","0","0","0","0","0","0","-"
"174","Nathan Beaulieu","ANA","D","3","0.5","0","0","0","0","0","-","0","-","0","0","0","0","0","0","0","0","0","0","0","0","0","0","0","0","0","0","0","0","-"
"175","Connor Murphy","CHI","D","6","0.25","0","0","0","0","0","-","0","-","0","0","0","0","0","0","0","0","0","0","0","0","0","0","0","0","0","0","0","0","-"
"177","Phillip Danault","L.A","C","8","20.283333333333","0","0","0","0","0","0.00","2","0.00","0.16","3","2","2","1","0","0","0","0","0","0","0","0","3","0","0","3","0","5","10","33.33"
"180","Colin Miller","DAL","D","7","0.83333333333333","0","0","0","0","0","-","1","0.00","0.13","1","1","1","1","0","0","0","0","0","0","0","0","0","0","0","0","0","0","0","-"
"182","Barclay Goodrow","NYR","C","7","3.6833333333333","0","0","0","0","0","-","1","0.00","0.39","2","2","1","1","0","1","0","0","0","0","0","0","0","0","0","0","0","3","2","60.00"
"184","Luke Glendening","DAL","C","7","0.55","0","0","0","0","0","-","0","-","0","0","0","0","0","0","0","0","0","0","0","0","0","0","0","0","0","0","0","0","-"
"185","Yanni Gourde","SEA","C","7","1.1666666666667","0","0","0","0","0","-","0","-","0","0","0","0","0","0","0","0","0","0","0","0","0","0","0","0","0","0","0","0","-"
"188","Matt Dumba","MIN","D","6","0.35","0","0","0","0","0","-","0","-","0","1","0","0","0","0","1","0","0","0","0","0","0","0","0","0","0","0","0","0","-"
"189","Brady Skjei","CAR","D","6","1.0666666666667","0","0","0","0","0","-","0","-","0","0","0","0","0","0","0","0","0","0","0","0","0","0","0","0","0","0","0","0","-"
"191","Scott Laughton","PHI","C","6","13.616666666667","0","0","0","0","0","-","2","0.00","0.37","4","3","2","1","0","0","0","0","0","0","0","1","1","0","0","0","0","4","4","50.00"
"192","Olli Maatta","DET","D","6","0.31666666666667","0","0","0","0","0","-","0","-","0","0","0","0","0","0","0","0","0","0","0","0","0","0","0","0","0","0","0","0","-"
"193","Zemgus Girgensons","BUF","L","6","1.4","0","0","0","0","0","-","0","-","0","0","0","0","0","0","0","0","0","0","0","0","0","0","0","0","0","0","1","0","100.00"
"194","Cody Ceci","EDM","D","6","1.4","0","0","0","0","0","0.00","0","-","0","0","0","0","0","0","0","0","0","0","0","0","0","0","0","0","0","0","0","0","-"
"195","Tomas Hertl","S.J","C","9","27.1","0","0","0","0","0","0.00","6","0.00","0.94","10","8","5","3","0","2","0","0","0","0","0","0","0","0","0","0","0","14","10","58.33"
"196","Teuvo Teravainen","CAR","L","6","15.516666666667","0","0","0","0","0","-","5","0.00","0.27","5","5","1","0","0","0","2","1","1","0","0","0","0","0","0","3","0","0","0","-"
"197","Jacob Trouba","NYR","D","7","9.1","0","0","0","0","0","-","4","0.00","0.2","8","5","2","0","0","3","0","0","0","0","0","0","0","0","0","0","0","0","0","-"
"199","Radek Faksa","DAL","C","7","0.4","0","0","0","0","0","-","0","-","0","0","0","0","0","0","0","0","0","0","0","0","0","0","0","0","0","0","0","0","-"
"200","Matt Grzelcyk","BOS","D","3","6","0","0","0","0","0","-","3","0.00","0.1","3","3","0","0","0","1","0","0","0","0","0","0","1","0","0","0","0","0","0","-"
"201","Colton Parayko","STL","D","4","0.93333333333333","0","0","0","0","0","-","0","-","0","0","0","0","0","0","0","0","0","0","0","0","0","0","0","0","0","0","0","0","-"
"203","Esa Lindell","DAL","D","7","0.53333333333333","0","0","0","0","0","-","0","-","0","0","0","0","0","0","0","0","0","0","0","0","0","0","0","0","0","0","0","0","-"
"204","Chandler Stephenson","VGK","C","8","21.833333333333","0","0","0","0","0","0.00","1","0.00","0.14","1","1","1","1","0","1","0","0","0","0","0","0","0","0","0","2","0","21","9","70.00"
"206","Jujhar Khaira","CHI","L","6","0.25","0","0","0","0","0","-","0","-","0","0","0","0","0","0","0","0","0","0","0","0","0","0","0","0","0","0","0","0","-"
"207","Adam Pelech","NYI","D","6","0.41666666666667","0","0","0","0","0","-","0","-","0","0","0","0","0","0","0","0","0","0","0","0","0","0","0","0","0","0","0","0","-"
"208","Jimmy Vesey","NYR","L","6","0.95","0","0","0","0","0","-","0","-","0","0","0","0","0","0","0","0","0","0","0","0","0","0","0","0","0","0","0","0","-"
"209","Jordan Martinook","CAR","L","6","0.95","0","0","0","0","0","-","0","-","0","0","0","0","0","0","0","0","0","0","0","0","0","0","0","0","0","0","0","0","-"
"210","Damon Severson","N.J","D","7","11.033333333333","0","0","0","0","0","0.00","0","-","0","1","0","0","0","0","0","0","0","0","0","0","0","0","0","0","0","0","0","0","-"
"211","Colton Sissons","NSH","C","7","1.0833333333333","0","0","0","0","0","-","0","-","0","1","0","1","1","0","0","0","0","0","0","0","0","0","0","0","0","0","2","1","66.67"
"212","Brock McGinn","PIT","L","7","0.2","0","0","0","0","0","-","0","-","0","0","0","0","0","0","0","0","0","0","0","0","0","0","0","0","0","0","0","0","-"
"213","Jaccob Slavin","CAR","D","6","1.7","0","0","0","0","0","-","0","-","0.07","1","1","1","0","0","0","0","0","0","0","0","0","0","0","0","0","0","0","0","-"
"215","Brett Kulak","EDM","D","6","0.71666666666667","0","0","0","0","0","-","0","-","0","0","0","0","0","0","0","0","0","0","0","0","0","0","0","0","0","0","0","0","-"
"216","Erik Gustafsson","WSH","D","7","2.95","0","0","0","0","0","0.00","0","-","0","0","0","0","0","0","0","0","0","0","0","0","0","0","0","0","0","0","0","0","-"
"217","Josh Anderson","MTL","R","7","11.333333333333","0","0","0","0","0","-","2","0.00","0.39","4","2","3","2","0","0","0","0","0","0","0","0","0","0","0","0","0","1","0","100.00"
"218","Matthew Benning","S.J","D","9","7.9166666666667","0","0","0","0","0","0.00","1","0.00","0.03","2","1","1","0","0","0","0","0","0","0","0","0","0","0","0","0","0","0","0","-"
"219","Vinnie Hinostroza","BUF","C","4","0.38333333333333","0","0","0","0","0","-","0","-","0","0","0","0","0","0","0","0","0","0","0","0","0","0","0","0","0","0","0","0","-"
"220","Connor Brown","WSH","R","4","6.5166666666667","0","0","0","0","0","-","1","0.00","0.14","1","1","1","1","0","0","0","0","0","0","0","0","0","0","2","0","0","0","1","0.00"
"222","Liam O'Brien","ARI","C","6","0.58333333333333","0","0","0","0","0","-","0","-","0","0","0","0","0","0","0","0","0","0","0","0","0","0","0","0","0","0","0","0","-"
"223","Nate Schmidt","WPG","D","6","10.833333333333","0","0","0","0","0","0.00","0","-","0.04","1","1","0","0","0","0","0","0","0","0","0","0","0","0","0","0","0","0","0","-"
"225","Kyle Burroughs","VAN","D","6","0.33333333333333","0","0","0","0","0","-","0","-","0","0","0","0","0","0","0","0","0","0","0","0","0","0","0","0","0","0","0","0","-"
"226","MacKenzie Weegar","CGY","D","6","12.766666666667","0","0","0","0","0","-","1","0.00","0.04","3","1","2","1","1","0","0","0","0","0","0","0","0","0","0","0","0","0","0","-"
"227","Tyler Motte","OTT","L","6","7.1666666666667","0","0","0","0","0","0.00","1","0.00","0.03","1","1","0","0","0","0","0","0","0","0","0","0","1","0","1","0","0","0","0","-"
"228","Tucker Poolman","VAN","D","3","0.21666666666667","0","0","0","0","0","-","0","-","0","0","0","0","0","0","0","0","0","0","0","0","0","0","0","0","0","0","0","0","-"
"229","Connor Clifton","BOS","D","7","1.2166666666667","0","0","0","0","0","-","0","-","0","0","0","0","0","0","0","0","0","0","0","0","0","0","0","0","0","0","0","0","-"
"230","Carson Soucy","SEA","D","8","0.9","0","0","0","0","0","-","1","0.00","0.05","1","1","0","0","0","0","0","0","0","0","0","0","0","0","0","0","0","0","0","-"
"231","Josh Brown","ARI","D","6","0.45","0","0","0","0","0","-","0","-","0","0","0","0","0","0","0","0","0","0","0","0","0","0","0","0","0","0","0","0","-"
"234","Carter Verhaeghe","FLA","C","7","19.483333333333","0","0","0","0","0","-","3","0.00","0.42","8","5","6","1","0","0","2","1","1","0","0","0","1","0","0","0","1","0","0","-"
"236","Miles Wood","N.J","L","7","9.5833333333333","0","0","0","0","0","0.00","4","0.00","0.59","6","6","3","3","0","1","2","1","1","0","0","0","2","0","0","2","0","0","0","-"
"237","Nicholas Paul","T.B","L","7","7.0333333333333","0","0","0","0","0","0.00","0","-","0","0","0","0","0","0","0","0","0","0","0","0","0","0","0","0","0","0","9","3","75.00"
"238","Andrew Copp","DET","C","6","12.9","0","0","0","0","0","-","1","0.00","0.13","3","2","3","0","0","1","0","0","0","0","0","0","0","0","0","0","0","6","5","54.55"
"239","Ryan Graves","N.J","D","7","0.05","0","0","0","0","0","-","0","-","0","0","0","0","0","0","0","0","0","0","0","0","0","0","0","0","0","0","0","0","-"
"241","Michael McCarron","NSH","R","2","0.066666666666667","0","0","0","0","0","-","0","-","0","0","0","0","0","0","0","0","0","0","0","0","0","0","0","0","0","0","0","1","0.00"
"242","Shea Theodore","VGK","D","8","20.233333333333","0","0","0","0","0","0.00","2","0.00","0.11","4","2","2","0","0","0","0","0","0","0","0","0","0","0","0","0","0","0","0","-"
"243","Ryan Hartman","MIN","R","6","7","0","0","0","0","0","-","0","-","0","0","0","0","0","0","0","2","1","1","0","0","0","0","0","0","0","0","1","2","33.33"
"244","Adam Erne","DET","L","6","0.13333333333333","0","0","0","0","0","-","0","-","0","0","0","0","0","0","0","0","0","0","0","0","0","0","0","0","0","0","0","0","-"
"245","J.T. Compher","COL","L","7","2.9666666666667","0","0","0","0","0","0.00","0","-","0","0","0","0","0","0","0","0","0","0","0","0","0","0","0","0","1","0","2","0","100.00"
"246","Robert Hagg","DET","D","6","0.41666666666667","0","0","0","0","0","-","0","-","0","0","0","0","0","0","0","0","0","0","0","0","0","0","0","0","0","0","0","0","-"
"248","William Carrier","VGK","L","7","0.1","0","0","0","0","0","-","0","-","0","0","0","0","0","0","0","0","0","0","0","0","0","0","0","0","0","0","0","0","-"
"249","Tyler Bertuzzi","DET","L","2","6.3","0","0","0","0","0","-","3","0.00","0.45","4","4","4","3","0","0","0","0","0","0","0","0","0","0","0","0","0","0","0","-"
"250","Brett Pesce","CAR","D","6","10.233333333333","0","0","0","0","0","-","1","0.00","0.12","4","3","0","0","0","0","0","0","0","0","0","0","0","0","0","0","0","0","0","-"
"253","Jonathan Drouin","MTL","L","5","11.45","0","0","0","0","0","-","0","-","0","1","0","0","0","0","0","0","0","0","0","0","0","1","0","0","0","0","0","0","-"
"261","Josh Morrissey","WPG","D","6","19.416666666667","0","0","0","0","0","0.00","2","0.00","0.25","7","4","1","0","0","0","2","1","1","0","0","0","0","0","0","0","0","0","0","-"
"262","Alex Wennberg","SEA","C","8","25.083333333333","0","0","0","0","0","0.00","0","-","0.2","2","2","2","2","0","0","0","0","0","0","0","0","0","0","0","0","0","9","11","45.00"
"263","Ryan Pulock","NYI","D","6","0.53333333333333","0","0","0","0","0","-","0","-","0","0","0","0","0","0","0","0","0","0","0","0","0","0","0","0","0","0","0","0","-"
"264","Nikita Zadorov","CGY","D","6","0.6","0","0","0","0","0","-","0","-","0","0","0","0","0","0","0","0","0","0","0","0","0","0","0","0","0","0","0","0","-"
"265","Curtis Lazar","VAN","C","7","0.43333333333333","0","0","0","0","0","-","0","-","0","0","0","0","0","0","0","0","0","0","0","0","0","0","0","1","0","0","0","0","-"
"267","Nathan Walker","STL","L","4","0.13333333333333","0","0","0","0","0","-","0","-","0","0","0","0","0","0","0","0","0","0","0","0","0","0","0","0","0","0","0","0","-"
"269","Trevor van Riemsdyk","WSH","D","7","0.46666666666667","0","0","0","0","0","-","0","-","0","0","0","0","0","0","0","0","0","0","0","0","0","0","0","0","0","0","0","0","-"
"270","Ryan Carpenter","NYR","C","6","0.9","0","0","0","0","0","-","1","0.00","0.47","2","2","2","2","0","1","0","0","0","0","0","0","0","0","0","0","0","0","0","-"
"271","Frederick Gaudreau","MIN","C","6","7.55","0","0","0","0","0","-","1","0.00","0.06","2","1","1","0","0","0","0","0","0","0","0","0","0","0","0","0","0","1","0","100.00"
"272","Tomas Nosek","BOS","L","7","0.21666666666667","0","0","0","0","0","-","0","-","0","0","0","0","0","0","0","0","0","0","0","0","0","0","0","0","0","0","1","0","100.00"
"276","Sam Bennett","FLA","C","7","31.833333333333","0","0","0","0","0","-","7","0.00","0.86","16","11","9","3","0","1","2","1","1","0","0","1","1","1","0","0","0","5","9","35.71"
"277","Haydn Fleury","T.B","D","4","0.05","0","0","0","0","0","-","0","-","0","0","0","0","0","0","0","0","0","0","0","0","0","0","0","0","0","0","0","0","-"
"282","Jakub Vrana","DET","L","2","4.3833333333333","0","0","0","0","0","-","1","0.00","0.11","1","1","1","0","0","0","0","0","0","0","0","0","0","0","0","0","0","0","1","0.00"
"284","Travis Sanheim","PHI","D","6","3.8666666666667","0","0","0","0","0","-","0","-","0","0","0","0","0","0","0","0","0","0","0","0","0","0","0","0","2","1","0","0","-"
"287","Kasperi Kapanen","PIT","R","7","0.11666666666667","0","0","0","0","0","-","0","-","0","0","0","0","0","0","0","0","0","0","0","0","0","0","0","0","0","0","0","0","-"
"291","Brendan Lemieux","L.A","L","7","2.3333333333333","0","0","0","0","0","0.00","1","0.00","0.03","1","1","0","0","0","0","5","1","0","1","0","1","0","0","0","0","0","0","0","-"
"292","Ivan Barbashev","STL","C","4","6.6833333333333","0","0","0","0","0","0.00","2","0.00","0.27","2","2","2","2","0","1","0","0","0","0","0","0","0","0","0","0","0","0","0","-"
"293","Marcus Pettersson","PIT","D","7","2.3333333333333","0","0","0","0","0","-","0","-","0","0","0","0","0","0","0","0","0","0","0","0","0","0","0","0","0","0","0","0","-"
"294","Nicolas Aube-Kubel","TOR","R","5","0.4","0","0","0","0","0","-","0","-","0","0","0","0","0","0","0","0","0","0","0","0","0","0","0","0","0","0","0","0","-"
"297","Christian Dvorak","MTL","C","7","13.116666666667","0","0","0","0","0","-","2","0.00","0.61","3","3","3","3","0","1","0","0","0","0","0","0","0","0","0","0","0","6","3","66.67"
"298","Warren Foegele","EDM","L","5","0.26666666666667","0","0","0","0","0","-","0","-","0","0","0","0","0","0","0","0","0","0","0","0","0","0","0","0","0","0","0","0","-"
"300","Devon Toews","COL","D","5","7.15","0","0","0","0","0","0.00","1","0.00","0.04","1","1","0","0","0","1","0","0","0","0","0","0","0","0","0","0","0","0","0","-"
"301","Viktor Arvidsson","L.A","L","6","18.3","0","0","0","0","0","0.00","0","-","0.2","3","2","2","1","0","0","0","0","0","0","0","0","2","0","0","1","0","1","3","25.00"
"304","Gustav Forsling","FLA","D","7","16.05","0","0","0","0","0","-","0","-","0","3","0","1","0","0","0","0","0","0","0","0","0","1","1","0","0","0","0","0","-"
"305","Dakota Joshua","VAN","C","7","0.33333333333333","0","0","0","0","0","-","0","-","0","0","0","0","0","0","0","0","0","0","0","0","0","0","0","0","0","0","0","0","-"
"306","Dysin Mayo","ARI","D","5","0.36666666666667","0","0","0","0","0","-","0","-","0","0","0","0","0","0","0","0","0","0","0","0","0","0","0","0","0","0","0","0","-"
"308","Kevin Labanc","S.J","R","8","18.6","0","0","0","0","0","-","5","0.00","0.59","7","6","6","3","0","0","0","0","0","0","0","0","0","0","0","1","0","0","0","-"
"309","Sammy Blais","NYR","L","4","0.25","0","0","0","0","0","-","0","-","0","0","0","0","0","0","0","0","0","0","0","0","0","0","0","0","0","0","0","0","-"
"310","Victor Olofsson","BUF","L","6","17.85","0","0","0","0","0","0.00","3","0.00","0.23","4","4","0","0","0","0","0","0","0","0","0","0","0","0","0","1","0","0","0","-"
"311","Pierre Engvall","TOR","L","6","0.41666666666667","0","0","0","0","0","-","0","-","0","0","0","0","0","0","0","0","0","0","0","0","0","0","0","0","0","0","0","0","-"
"312","Ondrej Kase","CAR","R","1","1.2166666666667","0","0","0","0","0","-","0","-","0","0","0","0","0","0","0","0","0","0","0","0","0","0","0","0","0","0","0","0","-"
"313","Jake Evans","MTL","C","7","0.16666666666667","0","0","0","0","0","-","0","-","0","0","0","0","0","0","0","0","0","0","0","0","0","0","0","0","1","0","0","0","-"
"314","Jacob Middleton","MIN","D","6","1.4","0","0","0","0","0","-","1","0.00","0.14","1","1","1","1","0","0","0","0","0","0","0","0","0","0","0","0","0","0","0","-"
"315","Dryden Hunt","COL, NYR","L","6","0.43333333333333","0","0","0","0","0","-","0","-","0","0","0","0","0","0","0","0","0","0","0","0","1","0","0","0","0","0","0","0","-"
"316","Andrew Mangiapane","CGY","L","6","12.566666666667","0","0","0","0","0","-","1","0.00","0.16","1","1","1","1","0","0","0","0","0","0","0","0","0","0","0","0","0","0","0","-"
"317","Frank Vatrano","ANA","R","6","8.2666666666667","0","0","0","0","0","-","1","0.00","0.04","1","1","0","0","0","0","0","0","0","0","0","0","0","0","0","1","0","0","0","-"
"318","Noah Hanifin","CGY","D","5","12.083333333333","0","0","0","0","0","0.00","3","0.00","0.09","4","3","1","0","0","2","0","0","0","0","0","0","0","1","0","0","0","0","0","-"
"320","Kyle Connor","WPG","L","6","21.2","0","0","0","0","0","0.00","5","0.00","0.83","12","10","10","2","0","1","0","0","0","0","0","1","0","0","0","0","0","0","0","-"
"321","Jonas Siegenthaler","N.J","D","7","1.0166666666667","0","0","0","0","0","-","0","-","0","0","0","0","0","0","0","0","0","0","0","0","0","0","0","0","0","0","0","0","-"
"322","Colin White","FLA","C","7","6.4666666666667","0","0","0","0","0","-","0","-","0","0","0","0","0","0","0","0","0","0","0","0","0","0","0","0","1","0","1","1","50.00"
"327","Timo Meier","S.J","R","9","26.566666666667","0","0","0","0","0","0.00","15","0.00","1.17","18","16","9","3","1","2","0","0","0","0","0","0","0","0","1","1","0","0","0","-"
"328","Jakub Zboril","BOS","D","6","0.16666666666667","0","0","0","0","0","-","0","-","0","0","0","0","0","0","0","0","0","0","0","0","0","0","0","0","0","0","0","0","-"
"329","Erik Cernak","T.B","D","6","0.68333333333333","0","0","0","0","0","-","0","-","0","0","0","0","0","0","0","0","0","0","0","0","0","0","0","0","0","0","0","0","-"
"331","A.J. Greer","BOS","L","6","0.35","0","0","0","0","0","-","0","-","0","0","0","0","0","0","0","0","0","0","0","0","0","0","0","0","0","0","0","0","-"
"333","Evgeny Svechnikov","S.J","L","8","1.5833333333333","0","0","0","0","0","-","0","-","0","0","0","0","0","0","0","0","0","0","0","0","0","0","0","0","0","0","0","0","-"
"334","Christian Fischer","ARI","R","6","1","0","0","0","0","0","-","0","-","0","0","0","0","0","0","0","0","0","0","0","0","0","0","0","0","0","0","0","1","0.00"
"335","Keegan Kolesar","VGK","R","8","0.26666666666667","0","0","0","0","0","-","0","-","0","0","0","0","0","0","0","0","0","0","0","0","0","0","0","0","0","0","0","0","-"
"338","Brock Boeser","VAN","R","6","15.416666666667","0","0","0","0","0","0.00","3","0.00","0.28","4","4","3","1","0","1","2","1","1","0","0","0","0","0","0","0","0","2","3","40.00"
"341","Caleb Jones","CHI","D","4","2.2833333333333","0","0","0","0","0","-","0","-","0","1","0","1","0","0","0","0","0","0","0","0","0","0","0","0","0","0","0","0","-"
"342","Jack Roslovic","CBJ","C","8","10.483333333333","0","0","0","0","0","-","1","0.00","0.04","1","1","0","0","0","0","0","0","0","0","0","0","0","0","1","0","0","3","2","60.00"
"343","Zach Werenski","CBJ","D","8","24.333333333333","0","0","0","0","0","-","5","0.00","0.31","9","5","5","0","0","0","0","0","0","0","0","0","1","1","0","0","0","0","0","-"
"345","Anthony Beauvillier","NYI","L","5","9.8333333333333","0","0","0","0","0","-","1","0.00","0.28","3","3","3","0","0","0","0","0","0","0","0","0","1","0","0","2","0","0","0","-"
"348","Mathieu Joseph","OTT","R","6","1.35","0","0","0","0","0","-","0","-","0","0","0","0","0","0","0","0","0","0","0","0","0","0","0","0","0","0","0","0","-"
"349","Lawson Crouse","ARI","L","6","15.166666666667","0","0","0","0","0","0.00","0","-","0.2","3","2","2","1","0","0","0","0","0","0","0","0","0","1","3","1","0","0","0","-"
"352","Denis Gurianov","DAL","R","6","4.2","0","0","0","0","0","-","0","-","0","0","0","0","0","0","0","0","0","0","0","0","0","0","0","0","0","0","0","0","-"
"353","Jake DeBrusk","BOS","L","6","18.4","0","0","0","0","0","0.00","6","0.00","1.07","10","8","8","5","0","2","0","0","0","0","0","0","1","0","0","1","0","0","1","0.00"
"355","John Marino","N.J","D","7","1.3166666666667","0","0","0","0","0","-","0","-","0","0","0","0","0","0","0","0","0","0","0","0","0","0","0","0","0","0","0","0","-"
"356","Yakov Trenin","NSH","C","7","1.3166666666667","0","0","0","0","0","-","0","-","0","0","0","0","0","0","0","0","0","0","0","0","0","0","0","0","0","0","0","0","-"
"359","Noel Acciari","STL","C","4","1.0833333333333","0","0","0","0","0","-","0","-","0","0","0","0","0","0","0","0","0","0","0","0","0","0","0","0","1","0","0","0","-"
"360","Derek Ryan","EDM","C","5","0.46666666666667","0","0","0","0","0","-","0","-","0","0","0","0","0","0","0","0","0","0","0","0","0","0","0","0","0","0","1","0","100.00"
"361","Will Borgen","SEA","D","8","0.68333333333333","0","0","0","0","0","-","0","-","0","0","0","0","0","0","0","0","0","0","0","0","0","0","0","0","0","0","0","0","-"
"362","Denis Malgin","TOR","C","4","4.6166666666667","0","0","0","0","0","-","0","-","0","0","0","0","0","0","0","0","0","0","0","0","0","0","0","0","0","0","0","0","-"
"363","Alexandre Carrier","NSH","D","7","15.316666666667","0","0","0","0","0","-","2","0.00","0.12","4","2","1","0","0","0","2","1","1","0","0","0","0","0","0","1","1","0","0","-"
"366","Rudolfs Balcers","FLA","L","7","5.9833333333333","0","0","0","0","0","-","1","0.00","0.08","1","1","1","0","0","0","0","0","0","0","0","0","1","0","0","0","0","0","1","0.00"
"368","Vladislav Gavrikov","CBJ","D","8","0.83333333333333","0","0","0","0","0","-","0","-","0","0","0","0","0","0","0","0","0","0","0","0","0","0","0","0","0","0","0","0","-"
"369","Mason Appleton","WPG","C","6","0.21666666666667","0","0","0","0","0","-","0","-","0","0","0","0","0","0","0","0","0","0","0","0","0","0","0","0","0","0","0","0","-"
"370","Steven Lorentz","S.J","C","9","4.8666666666667","0","0","0","0","0","-","1","0.00","0.13","1","1","1","1","0","1","0","0","0","0","0","0","0","0","0","0","0","0","0","-"
"371","Matt Roy","L.A","D","8","0.58333333333333","0","0","0","0","0","-","0","-","0","0","0","0","0","0","0","0","0","0","0","0","0","0","0","0","0","0","0","0","-"
"372","Jalen Chatfield","CAR","D","6","0.2","0","0","0","0","0","-","0","-","0","0","0","0","0","0","0","0","0","0","0","0","0","0","0","0","0","0","0","0","-"
"374","Kevin Rooney","CGY","C","6","0.36666666666667","0","0","0","0","0","-","0","-","0","0","0","0","0","0","0","0","0","0","0","0","0","0","0","0","0","0","0","2","0.00"
"375","Brandon Tanev","SEA","L","8","0.5","0","0","0","0","0","-","0","-","0","0","0","0","0","0","0","0","0","0","0","0","0","0","0","0","0","0","0","0","-"
"379","Wade Allison","PHI","R","6","8.35","0","0","0","0","0","-","1","0.00","0.06","1","1","1","0","0","0","0","0","0","0","0","0","0","0","0","1","0","0","0","-"
"381","Ryan Lindgren","NYR","D","7","0.083333333333333","0","0","0","0","0","-","0","-","0","0","0","0","0","0","0","0","0","0","0","0","0","0","0","0","0","0","0","0","-"
"382","Rasmus Asplund","BUF","C","6","1.3166666666667","0","0","0","0","0","-","0","-","0","0","0","0","0","0","0","0","0","0","0","0","0","0","0","0","0","0","2","0","100.00"
"385","Patrik Laine","CBJ","L","2","5.7666666666667","0","0","0","0","0","-","2","0.00","0.12","4","2","1","0","0","0","0","0","0","0","0","0","1","0","0","0","0","0","0","-"
"387","Jesse Puljujarvi","EDM","R","6","2.5166666666667","0","0","0","0","0","-","0","-","0.12","1","1","1","1","0","0","0","0","0","0","0","0","1","0","0","0","0","0","0","-"
"388","Dillon Dube","CGY","C","6","12.25","0","0","0","0","0","-","3","0.00","0.94","6","5","5","4","0","0","0","0","0","0","0","0","0","0","1","2","0","3","0","100.00"
"389","Sam Steel","MIN","C","6","0.13333333333333","0","0","0","0","0","-","0","-","0","0","0","0","0","0","0","0","0","0","0","0","0","0","0","0","0","0","0","0","-"
"390","Brett Howden","VGK","C","8","0.2","0","0","0","0","0","-","0","-","0","0","0","0","0","0","0","0","0","0","0","0","0","0","0","0","0","0","1","1","50.00"
"391","Logan Brown","STL","C","1","2.2166666666667","0","0","0","0","0","-","0","-","0","0","0","0","0","0","0","0","0","0","0","0","0","0","0","0","0","0","0","1","0.00"
"392","Max Jones","ANA","L","6","1.2166666666667","0","0","0","0","0","-","0","-","0","0","0","0","0","0","0","0","0","0","0","0","0","0","0","0","0","0","0","0","-"
"393","Andrew Peeke","CBJ","D","8","1.0833333333333","0","0","0","0","0","-","0","-","0","0","0","0","0","0","0","0","0","0","0","0","0","0","0","0","0","0","0","0","-"
"394","Tyson Jost","MIN","C","6","0.13333333333333","0","0","0","0","0","-","0","-","0","0","0","0","0","0","0","0","0","0","0","0","0","0","0","0","0","0","0","0","-"
"395","Dante Fabbro","NSH","D","7","0.98333333333333","0","0","0","0","0","-","0","-","0","1","0","0","0","0","0","0","0","0","0","0","0","0","0","0","0","0","0","0","-"
"396","Josh Mahura","FLA","D","7","1.7666666666667","0","0","0","0","0","-","0","-","0","1","0","0","0","0","0","0","0","0","0","0","0","0","0","0","0","0","0","0","-"
"397","Jordan Kyrou","STL","C","4","7.2833333333333","0","0","0","0","0","-","1","0.00","0.16","2","2","2","0","0","0","0","0","0","0","0","0","0","0","0","1","0","0","0","-"
"399","Noah Gregor","S.J","C","4","0.11666666666667","0","0","0","0","0","-","0","-","0","0","0","0","0","0","0","0","0","0","0","0","0","0","0","0","0","0","0","0","-"
"402","Jake Bean","CBJ","D","8","4.7","0","0","0","0","0","-","1","0.00","0.07","2","2","0","0","0","0","0","0","0","0","0","0","0","0","0","1","0","0","0","-"
"405","Nathan Bastian","N.J","R","6","0.55","0","0","0","0","0","0.00","0","-","0","0","0","0","0","0","0","0","0","0","0","0","0","0","0","0","0","0","0","0","-"
"406","Michael McLeod","N.J","C","7","0.033333333333333","0","0","0","0","0","-","0","-","0","0","0","0","0","0","0","0","0","0","0","0","0","0","0","0","0","0","0","0","-"
"409","Troy Stecher","ARI","D","6","2.3333333333333","0","0","0","0","0","-","0","-","0","0","0","0","0","0","0","0","0","0","0","0","0","0","0","0","0","0","0","0","-"
"410","Rem Pitlick","MTL","C","4","1.5","0","0","0","0","0","-","0","-","0","0","0","0","0","0","0","0","0","0","0","0","0","0","0","0","0","0","0","0","-"
"411","Brandon Duhaime","MIN","R","6","0.35","0","0","0","0","0","-","0","-","0","0","0","0","0","0","0","0","0","0","0","0","0","0","0","0","0","0","0","0","-"
"412","Ross Colton","T.B","C","7","9.7","0","0","0","0","0","0.00","1","0.00","0.17","4","2","2","1","1","0","0","0","0","0","0","0","0","0","0","0","0","1","1","50.00"
"413","Brandon Hagel","T.B","L","7","4.7666666666667","0","0","0","0","0","-","0","-","0","0","0","0","0","0","0","0","0","0","0","0","0","0","0","1","1","0","0","1","0.00"
"414","Tanner Laczynski","PHI","C","6","1.0333333333333","0","0","0","0","0","-","0","-","0","0","0","0","0","0","0","0","0","0","0","0","0","0","0","0","0","0","1","0","100.00"
"415","Dylan Coghlan","CAR","D","2","3.35","0","0","0","0","0","-","1","0.00","0.06","3","2","1","0","0","0","0","0","0","0","0","0","0","0","1","0","0","0","0","-"
"416","Tanner Jeannot","NSH","L","7","16.45","0","0","0","0","0","0.00","3","0.00","0.37","3","3","3","3","0","0","0","0","0","0","0","0","0","0","1","0","1","0","0","-"
"417","Trevor Moore","L.A","C","8","18.316666666667","0","0","0","0","0","0.00","3","0.00","0.51","3","3","2","1","0","0","0","0","0","0","0","0","1","0","0","2","0","0","1","0.00"
"418","Zack MacEwen","PHI","C","4","1.0333333333333","0","0","0","0","0","-","0","-","0","0","0","0","0","0","0","0","0","0","0","0","0","0","0","1","0","0","0","0","-"
"419","Justin Danforth","CBJ","R","6","11.266666666667","0","0","0","0","0","-","1","0.00","0.52","3","3","3","1","0","0","0","0","0","0","0","1","0","0","0","0","0","0","2","0.00"
"420","Zach Aston-Reese","TOR","C","6","0.16666666666667","0","0","0","0","0","-","0","-","0","0","0","0","0","0","0","0","0","0","0","0","0","0","0","0","0","0","0","0","-"
"421","Mason Shaw","MIN","C","1","0.35","0","0","0","0","0","-","0","-","0","0","0","0","0","0","0","0","0","0","0","0","0","0","0","0","0","0","0","0","-"
"423","Kailer Yamamoto","EDM","R","5","1.1166666666667","0","0","0","0","0","-","0","-","0","0","0","0","0","0","0","0","0","0","0","0","0","0","0","0","0","0","0","0","-"
"424","Nicolas Hague","VGK","D","7","0.066666666666667","0","0","0","0","0","-","0","-","0","0","0","0","0","0","0","0","0","0","0","0","0","0","0","0","0","0","0","0","-"
"425","Jonah Gadjovich","S.J","L","5","0.18333333333333","0","0","0","0","0","-","0","-","0","0","0","0","0","0","0","0","0","0","0","0","0","0","0","0","0","0","0","0","-"
"426","Conor Timmins","ARI","D","2","1.65","0","0","0","0","0","-","0","-","0","0","0","0","0","0","0","0","0","0","0","0","0","0","0","0","0","0","0","0","-"
"428","Morgan Geekie","SEA","C","5","0.016666666666667","0","0","0","0","0","-","0","-","0","0","0","0","0","0","0","0","0","0","0","0","0","0","0","0","0","0","0","0","-"
"429","Michael Rasmussen","DET","C","6","4.1666666666667","0","0","0","0","0","-","0","-","0","0","0","0","0","0","0","0","0","0","0","0","0","0","0","1","1","0","0","1","0.00"
"430","Cody Glass","NSH","C","6","11.566666666667","0","0","0","0","0","-","1","0.00","0.17","1","1","1","1","0","0","2","1","1","0","0","0","0","0","1","0","0","4","7","36.36"
"431","Mikey Anderson","L.A","D","8","1.4333333333333","0","0","0","0","0","-","0","-","0","0","0","0","0","0","0","0","0","0","0","0","0","0","0","0","0","0","0","0","-"
"434","Eeli Tolvanen","NSH","R","7","14.966666666667","0","0","0","0","0","-","1","0.00","0.05","2","1","1","0","0","0","0","0","0","0","0","0","1","0","0","0","0","0","0","-"
"437","Owen Tippett","PHI","R","1","1.1166666666667","0","0","0","0","0","-","0","-","0","0","0","0","0","0","0","0","0","0","0","0","0","0","0","0","0","0","0","0","-"
"439","Jack Studnicka","BOS","C","1","0.13333333333333","0","0","0","0","0","-","0","-","0","0","0","0","0","0","0","0","0","0","0","0","0","0","0","0","0","0","0","0","-"
"440","Robert Thomas","STL","C","4","7.8166666666667","0","0","0","0","0","0.00","0","-","0.08","1","1","1","0","0","0","0","0","0","0","0","0","0","0","0","1","0","9","3","75.00"
"441","MacKenzie Entwistle","CHI","R","6","7.3666666666667","0","0","0","0","0","0.00","0","-","0","1","0","0","0","0","0","0","0","0","0","0","0","1","0","0","1","0","1","0","100.00"
"443","Morgan Frost","PHI","C","6","12.05","0","0","0","0","0","-","2","0.00","0.17","2","2","2","1","0","1","2","1","1","0","0","0","2","1","0","0","0","0","4","0.00"
"444","Max Comtois","ANA","L","6","0.88333333333333","0","0","0","0","0","-","0","-","0","0","0","0","0","0","0","0","0","0","0","0","0","0","0","0","0","0","0","0","-"
"445","Henri Jokiharju","BUF","D","4","2.3833333333333","0","0","0","0","0","-","0","-","0","0","0","0","0","0","0","0","0","0","0","0","0","0","0","0","0","0","0","0","-"
"448","Jack Rathbone","VAN","D","2","4.4","0","0","0","0","0","0.00","0","-","0","0","0","0","0","0","0","0","0","0","0","0","0","0","0","0","0","0","0","0","-"
"449","Pierre-Olivier Joseph","PIT","D","6","5.65","0","0","0","0","0","0.00","2","0.00","0.17","2","2","1","1","0","0","0","0","0","0","0","0","0","0","0","0","0","0","0","-"
"450","Josh Norris","OTT","C","5","12.8","0","0","0","0","0","0.00","0","-","0.06","4","1","0","0","0","0","0","0","0","0","0","1","0","0","0","0","0","1","1","50.00"
"451","Ryan Poehling","PIT","C","7","0.25","0","0","0","0","0","-","0","-","0","0","0","0","0","0","0","0","0","0","0","0","0","0","0","0","0","0","0","0","-"
"453","Robin Salo","NYI","D","4","7.5166666666667","0","0","0","0","0","-","0","-","0","5","0","2","0","0","0","0","0","0","0","0","0","0","0","0","0","0","0","0","-"
"454","Erik Brannstrom","OTT","D","6","0.55","0","0","0","0","0","-","0","-","0","0","0","0","0","0","0","0","0","0","0","0","0","0","0","0","0","0","0","0","-"
"455","Filip Chytil","NYR","C","6","5.8166666666667","0","0","0","0","0","-","0","-","0.11","1","1","1","1","0","0","0","0","0","0","0","0","0","0","0","0","0","2","5","28.57"
"457","David Kampf","TOR","C","7","0.51666666666667","0","0","0","0","0","-","0","-","0","0","0","0","0","0","0","0","0","0","0","0","0","0","0","0","0","0","0","1","0.00"
"458","Neal Pionk","WPG","D","6","11.45","0","0","0","0","0","0.00","3","0.00","0.15","4","3","0","0","0","0","0","0","0","0","0","0","1","0","1","0","0","0","0","-"
"459","Radim Simek","S.J","D","9","0.38333333333333","0","0","0","0","0","-","0","-","0","0","0","0","0","0","0","0","0","0","0","0","0","0","0","0","0","0","0","0","-"
"460","Jan Rutta","PIT","D","7","0.16666666666667","0","0","0","0","0","-","0","-","0","0","0","0","0","0","0","0","0","0","0","0","0","0","0","0","0","0","0","0","-"
"461","Eetu Luostarinen","FLA","C","7","4.1833333333333","0","0","0","0","0","-","0","-","0.07","1","1","1","0","0","0","0","0","0","0","0","0","0","1","0","0","0","0","0","-"
"462","Jacob Bryson","BUF","D","6","1.8666666666667","0","0","0","0","0","-","0","-","0","0","0","0","0","0","0","0","0","0","0","0","0","0","0","0","0","0","0","0","-"
"464","Jacob Peterson","DAL","C","1","0.05","0","0","0","0","0","-","0","-","0","0","0","0","0","0","0","0","0","0","0","0","0","0","0","0","0","0","0","0","-"
"465","Noah Cates","PHI","L","6","11.25","0","0","0","0","0","-","1","0.00","0.14","3","2","1","1","0","1","0","0","0","0","0","0","0","0","0","2","0","2","4","33.33"
"466","Sebastian Aho","NYI","D","2","5.9833333333333","0","0","0","0","0","-","0","-","0.06","1","1","0","0","0","0","0","0","0","0","0","0","1","0","1","1","0","0","0","-"
"467","Alexey Toropchenko","STL","R","4","0.11666666666667","0","0","0","0","0","-","0","-","0","0","0","0","0","0","0","0","0","0","0","0","0","0","0","0","0","0","0","0","-"
"468","Morgan Barron","WPG","C","6","0.58333333333333","0","0","0","0","0","-","0","-","0","0","0","0","0","0","0","0","0","0","0","0","0","0","0","0","0","0","0","0","-"
"469","Sean Walker","L.A","D","5","0.65","0","0","0","0","0","-","0","-","0","0","0","0","0","0","0","0","0","0","0","0","0","0","0","0","0","0","0","0","-"
"470","Mark Kastelic","OTT","C","6","0.75","0","0","0","0","0","-","0","-","0.13","1","1","1","1","0","0","0","0","0","0","0","0","0","0","0","0","0","1","0","100.00"
"472","Parker Kelly","OTT","L","6","0.78333333333333","0","0","0","0","0","-","0","-","0","0","0","0","0","0","0","0","0","0","0","0","0","0","0","0","0","0","0","0","-"
"473","Pius Suter","DET","C","5","0.18333333333333","0","0","0","0","0","-","0","-","0","0","0","0","0","0","0","0","0","0","0","0","0","0","0","0","0","0","0","0","-"
"474","Zach Whitecloud","VGK","D","8","0.18333333333333","0","0","0","0","0","-","0","-","0","0","0","0","0","0","0","0","0","0","0","0","0","0","0","0","0","0","0","0","-"
"475","Kiefer Sherwood","NSH","L","4","2.25","0","0","0","0","0","-","0","-","0","1","0","0","0","0","0","0","0","0","0","0","0","0","0","0","1","0","0","0","-"
"476","Eric Robinson","CBJ","L","8","0.21666666666667","0","0","0","0","0","-","0","-","0","0","0","0","0","0","0","0","0","0","0","0","0","0","0","0","0","0","0","0","-"
"477","Oliver Wahlstrom","NYI","R","5","8.05","0","0","0","0","0","-","3","0.00","0.26","5","4","0","0","0","0","0","0","0","0","0","1","0","0","0","0","0","0","0","-"
"478","Joel Farabee","PHI","L","6","21.6","0","0","0","0","0","0.00","5","0.00","0.45","6","5","3","1","0","0","0","0","0","0","0","0","2","0","0","1","0","0","0","-"
"482","Ryan McLeod","EDM","C","6","3.7","0","0","0","0","0","-","0","-","0","0","0","0","0","0","0","0","0","0","0","0","0","0","0","0","0","0","2","0","100.00"
"483","Evan Bouchard","EDM","D","6","5.85","0","0","0","0","0","0.00","0","-","0","1","0","0","0","0","0","0","0","0","0","0","0","0","0","0","0","0","0","0","-"
"484","Isac Lundestrom","ANA","C","6","0.45","0","0","0","0","0","-","0","-","0","0","0","0","0","0","0","0","0","0","0","0","0","0","0","0","0","0","0","1","0.00"
"485","Mattias Samuelsson","BUF","D","5","2.95","0","0","0","0","0","-","0","-","0","0","0","0","0","0","0","0","0","0","0","0","0","0","0","0","0","0","0","0","-"
"486","Joe Veleno","DET","C","5","0.23333333333333","0","0","0","0","0","-","0","-","0","0","0","0","0","0","0","0","0","0","0","0","0","0","0","0","0","0","1","0","100.00"
"487","K'Andre Miller","NYR","D","7","1.7333333333333","0","0","0","0","0","-","0","-","0","0","0","0","0","0","0","0","0","0","0","0","0","0","0","0","0","0","0","0","-"
"488","Filip Zadina","DET","R","4","8.1","0","0","0","0","0","-","0","-","0","1","0","0","0","0","0","0","0","0","0","0","0","0","0","0","0","0","0","0","-"
"489","Jesperi Kotkaniemi","CAR","C","6","13.85","0","0","0","0","0","-","1","0.00","0.13","3","2","1","0","0","0","0","0","0","0","0","0","0","0","0","1","0","3","5","37.50"
"491","Alec Regula","CHI","D","1","1.4","0","0","0","0","0","0.00","0","-","0","0","0","0","0","0","0","0","0","0","0","0","0","0","0","0","0","0","0","0","-"
"492","Vitali Kravtsov","NYR","R","3","2.0166666666667","0","0","0","0","0","-","0","-","0","0","0","0","0","0","0","0","0","0","0","0","0","0","0","0","0","0","0","0","-"
"494","Ty Dellandrea","DAL","C","7","0.35","0","0","0","0","0","-","0","-","0","0","0","0","0","0","0","0","0","0","0","0","0","0","0","0","0","0","0","0","-"
"495","Barrett Hayton","ARI","C","6","16.266666666667","0","0","0","0","0","0.00","5","0.00","0.47","9","6","7","0","0","1","0","0","0","0","0","0","0","0","0","0","0","5","7","41.67"
"496","Jack McBain","ARI","C","6","0.66666666666667","0","0","0","0","0","-","0","-","0","0","0","0","0","0","0","0","0","0","0","0","0","0","0","0","0","0","0","1","0.00"
"498","Adam Boqvist","CBJ","D","4","7.15","0","0","0","0","0","-","0","-","0","1","0","0","0","0","0","0","0","0","0","0","0","0","0","0","0","0","0","0","-"
"501","Jakub Lauko","BOS","C","4","0.21666666666667","0","0","0","0","0","-","0","-","0","0","0","0","0","0","0","0","0","0","0","0","0","0","0","0","0","0","0","0","-"
"503","Jordan Harris","MTL","D","7","0.26666666666667","0","0","0","0","0","-","0","-","0","0","0","0","0","0","0","0","0","0","0","0","0","0","0","0","0","0","0","0","-"
"504","Karson Kuhlman","SEA","C","7","0.13333333333333","0","0","0","0","0","-","0","-","0","0","0","0","0","0","0","0","0","0","0","0","0","0","0","0","0","0","0","0","-"
"505","Ilya Lyubushkin","BUF","D","5","0.76666666666667","0","0","0","0","0","-","0","-","0","0","0","0","0","0","0","0","0","0","0","0","0","0","0","0","0","0","0","0","-"
"506","Connor Dewar","MIN","C","5","0.35","0","0","0","0","0","-","0","-","0","0","0","0","0","0","0","0","0","0","0","0","0","0","0","0","0","0","1","0","100.00"
"507","Alexander Romanov","NYI","D","6","0.81666666666667","0","0","0","0","0","-","0","-","0","0","0","0","0","0","0","0","0","0","0","0","0","0","0","0","0","0","0","0","-"
"508","David Gustafsson","WPG","C","6","0.1","0","0","0","0","0","-","0","-","0","0","0","0","0","0","0","0","0","0","0","0","0","0","0","0","0","0","0","0","-"
"509","Yegor Sharangovich","N.J","C","7","0.46666666666667","0","0","0","0","0","-","0","-","0","0","0","0","0","0","0","0","0","0","0","0","0","0","0","0","0","0","0","0","-"
"510","Egor Zamula","PHI","D","6","4.15","0","0","0","0","0","-","0","-","0","0","0","0","0","0","0","0","0","0","0","0","0","1","0","0","0","0","0","0","-"
"511","Joe Snively","WSH","C","2","1.1333333333333","0","0","0","0","0","0.00","0","-","0","0","0","0","0","0","0","0","0","0","0","0","0","0","0","0","0","0","0","0","-"
"512","Nico Sturm","S.J","C","9","4.35","0","0","0","0","0","-","0","-","0.22","1","1","1","1","0","0","0","0","0","0","0","0","0","1","0","1","0","1","4","20.00"
"513","Blake Lizotte","L.A","C","8","2.2833333333333","0","0","0","0","0","0.00","0","-","0","0","0","0","0","0","0","0","0","0","0","0","0","0","0","0","0","0","4","4","50.00"
"514","Peyton Krebs","BUF","C","4","13.666666666667","0","0","0","0","0","-","1","0.00","0.34","2","1","2","1","0","0","0","0","0","0","0","0","1","0","0","1","0","0","0","-"
"517","Dylan Cozens","BUF","C","6","17.483333333333","0","0","0","0","0","-","3","0.00","0.37","5","3","2","1","0","1","0","0","0","0","0","0","1","0","0","0","0","6","2","75.00"
"519","Nils Hoglander","VAN","L","5","5.65","0","0","0","0","0","-","0","-","0","1","0","0","0","0","0","0","0","0","0","0","0","0","0","0","0","0","0","0","-"
"520","Cole Caufield","MTL","R","7","22.216666666667","0","0","0","0","0","0.00","8","0.00","0.91","11","10","6","1","0","0","0","0","0","0","0","0","1","0","0","0","0","0","0","-"
"522","Kaapo Kakko","NYR","R","7","8.5666666666667","0","0","0","0","0","-","2","0.00","0.4","2","2","2","1","0","1","0","0","0","0","0","0","0","0","0","0","0","0","0","-"
"526","Nicholas Robertson","TOR","L","3","5.75","0","0","0","0","0","-","1","0.00","0.16","2","1","1","1","0","1","0","0","0","0","0","0","0","0","0","0","0","0","0","-"
"529","Vasily Podkolzin","VAN","R","7","2.1","0","0","0","0","0","-","0","-","0","0","0","0","0","0","0","0","0","0","0","0","0","0","0","0","0","0","0","0","-"
"530","Alex Newhook","COL","C","7","7.8","0","0","0","0","0","0.00","1","0.00","0.22","2","2","2","1","0","0","0","0","0","0","0","0","0","0","0","1","0","0","2","0.00"
"532","Joel Kiviranta","DAL","L","7","0.51666666666667","0","0","0","0","0","-","0","-","0","0","0","0","0","0","0","0","0","0","0","0","0","0","0","0","0","0","0","1","0.00"
"533","Zac Jones","NYR","D","5","6.9333333333333","0","0","0","0","0","-","2","0.00","0.14","2","2","2","0","0","0","0","0","0","0","0","0","0","0","0","0","0","0","0","-"
"535","Elmer Soderblom","DET","L","6","12.516666666667","0","0","0","0","0","-","2","0.00","0.28","3","2","3","2","0","0","0","0","0","0","0","0","0","0","0","0","0","0","1","0.00"
"536","Cole Smith","NSH","L","7","0.1","0","0","0","0","0","-","0","-","0","0","0","0","0","0","0","0","0","0","0","0","0","0","0","0","0","0","0","0","-"
"537","Braden Schneider","NYR","D","7","1.3166666666667","0","0","0","0","0","-","1","0.00","0.05","1","1","0","0","0","0","0","0","0","0","0","0","0","0","0","0","0","0","0","-"
"538","Dylan Holloway","EDM","L","3","1.6","0","0","0","0","0","-","0","-","0","0","0","0","0","0","0","0","0","0","0","0","0","0","0","0","0","0","0","0","-"
"539","Lucas Raymond","DET","L","6","16.783333333333","0","0","0","0","0","-","1","0.00","0.16","4","2","2","0","0","0","0","0","0","0","0","0","1","0","0","1","0","0","1","0.00"
"540","Marco Rossi","MIN","C","5","4.9666666666667","0","0","0","0","0","-","0","-","0","1","0","0","0","0","0","0","0","0","0","0","0","0","0","0","0","0","1","0","100.00"
"541","Kaiden Guhle","MTL","D","7","9.05","0","0","0","0","0","-","1","0.00","0.02","1","1","0","0","0","0","0","0","0","0","0","0","0","0","0","0","0","0","0","-"
"542","Jake Neighbours","STL","L","4","2.1333333333333","0","0","0","0","0","-","0","-","0","0","0","0","0","0","0","0","0","0","0","0","0","0","0","0","0","0","0","0","-"
"543","Seth Jarvis","CAR","C","6","14.383333333333","0","0","0","0","0","-","5","0.00","0.45","7","5","5","2","0","0","0","0","0","0","0","0","0","0","1","1","0","0","0","-"
"544","Jack Quinn","BUF","R","4","4.6","0","0","0","0","0","-","0","-","0","0","0","0","0","0","0","0","0","0","0","0","0","0","0","0","0","0","0","0","-"
"546","Alexis Lafrenière","NYR","L","7","8.4833333333333","0","0","0","0","0","-","3","0.00","0.48","3","3","3","1","0","0","0","0","0","0","0","0","0","0","1","0","0","1","0","100.00"
"548","Anton Lundell","FLA","C","7","18.716666666667","0","0","0","0","0","-","1","0.00","0.09","6","2","3","1","0","0","0","0","0","0","0","0","1","0","0","1","0","3","2","60.00"
"550","Quinton Byfield","L.A","C","8","2.6666666666667","0","0","0","0","0","-","0","-","0.13","1","1","1","1","0","0","0","0","0","0","0","0","0","0","0","0","0","0","0","-"
"552","Jamie Drysdale","ANA","D","6","2.8333333333333","0","0","0","0","0","-","0","-","0","0","0","0","0","0","0","0","0","0","0","0","0","0","0","0","0","0","0","0","-"
"554","JJ Peterka","BUF","R","6","1.5","0","0","0","0","0","-","0","-","0","0","0","0","0","0","0","0","0","0","0","0","0","0","0","0","0","0","0","0","-"
"555","Alexander Barabanov","S.J","L","5","7.2833333333333","0","0","0","0","0","-","0","-","0","1","0","0","0","0","0","0","0","0","0","0","0","0","0","0","0","0","0","0","-"
"556","Artem Zub","OTT","D","6","2.7333333333333","0","0","0","0","0","-","0","-","0","0","0","0","0","0","0","0","0","0","0","0","0","0","0","0","0","0","0","0","-"
"557","Yegor Chinakhov","CBJ","R","8","10.166666666667","0","0","0","0","0","-","2","0.00","0.13","3","3","0","0","0","0","0","0","0","0","0","0","0","0","0","1","0","0","0","-"
"558","Nils Aman","VAN","C","7","2.15","0","0","0","0","0","-","0","-","0","0","0","0","0","0","0","0","0","0","0","0","0","0","0","0","0","0","0","0","-"
"559","Jackson Cates","PHI","C","3","0.18333333333333","0","0","0","0","0","-","0","-","0","0","0","0","0","0","0","0","0","0","0","0","0","0","0","0","0","0","0","0","-"
"561","Kent Johnson","CBJ","C","7","11.216666666667","0","0","0","0","0","-","1","0.00","0.04","1","1","0","0","0","0","0","0","0","0","0","0","2","0","0","1","0","0","0","-"
"563","Owen Power","BUF","D","6","15.1","0","0","0","0","0","-","0","-","0","0","0","0","0","0","0","0","0","0","0","0","0","0","0","0","0","0","0","0","-"
"565","Cole Sillinger","CBJ","C","8","6.7666666666667","0","0","0","0","0","-","1","0.00","0.08","1","1","1","0","0","0","0","0","0","0","0","0","0","0","0","0","0","1","0","100.00"
"569","Arber Xhekaj","MTL","D","7","0.1","0","0","0","0","0","-","0","-","0","0","0","0","0","0","0","0","0","0","0","0","0","0","0","0","0","0","0","0","-"
"570","Nick Blankenburg","CBJ","D","4","0.43333333333333","0","0","0","0","0","-","0","-","0","0","0","0","0","0","0","0","0","0","0","0","0","0","0","0","0","0","0","0","-"
"571","Filip Roos","CHI","D","4","3.0833333333333","0","0","0","0","0","-","1","0.00","0.04","1","1","0","0","0","1","0","0","0","0","0","0","0","0","0","0","0","0","0","-"
"572","Pavol Regenda","ANA","L","5","4.1","0","0","0","0","0","-","1","0.00","0.27","2","2","2","2","0","0","0","0","0","0","0","0","1","0","0","0","0","0","1","0.00"